Q番号	対応ID	章	宛先	優先度	項目名	質問	選択肢	なぜ聞くか	回答が設計に与える影響	既出・関連
Q01	NFR-SCL-001a	① 規模・可用性・災害対策	事業側	最優先	受け入れる利用者数の上限	本基盤が受け入れる利用者数の上限を「月に一度でも使う利用者が最大 1,000 万人」として設計を進めてよいでしょうか。 選択肢: - A) 1,000 万人を上限として設計する 【弊社の推奨・現行の暫定値（前提 P-02、2026-07-23 凍結）】 - B) これより小さい上限でよい（想定人数をご記入ください） - C) 1,000 万人を超える見込みがある（想定人数をご記入ください）	A) 1,000 万人を上限として設計する 【弊社の推奨・現行の暫定値（前提 P-02、2026-07-23 凍結）】 / B) これより小さい上限でよい（想定人数をご記入ください） / C) 1,000 万人を超える見込みがある（想定人数をご記入ください）	上限人数が処理サーバーの台数・データベースの大きさ・月額費用を直接決めるためです。	現行は 1,000 万人の混雑時に処理サーバーを 3〜7 台へ自動増減する前提で見積もっています（この増減分だけで月額数十万円規模の幅が生じます）。上限を下げれば常時分の台数と月額費用を削減でき、逆に上限を超える場合は基盤を複数に分割する再設計（設計・検証工数が大幅増）が必要になります。	
Q02	NFR-SCL-001b	① 規模・可用性・災害対策	事業側	最優先	利用者数の増え方	開始時・1 年後・3 年後に、月に一度でも使う利用者が何人になる見込みかを教えてください。 選択肢: - A) 実数をご記入いただく（開始時 ◯万人 / 1 年後 ◯万人 / 3 年後 ◯万人）【弊社の推奨。現行は実数が未確定のため、上限 1,000 万人のみを凍結して設計中】 - B) 実数は出せないので、上限 1,000 万人の前提だけで設計を進めてよい - C) 段階的に増設する前提とし、増設の判断時期だけ後日決める	A) 実数をご記入いただく（開始時 ◯万人 / 1 年後 ◯万人 / 3 年後 ◯万人）【弊社の推奨。現行は実数が未確定のため、上限 1,000 万人のみを凍結して設計中】 / B) 実数は出せないので、上限 1,000 万人の前提だけで設計を進めてよい / C) 段階的に増設する前提とし、増設の判断時期だけ後日決める	上限値だけでは初期にどこまでの設備を用意するかが決まらず、初年度の費用が確定しないためです。	B を選ぶと初期から上限相当の設備を用意することになり、初年度費用が最大想定になります。A・C なら初期は小さく始めて段階的に増設でき、初年度の月額費用を抑えられます。	A-1 / A-2 と同趣旨 — 二重に聞かない
Q03	NFR-AVL-001a	① 規模・可用性・災害対策	事業側	最優先	お約束する稼働率の数値	本基盤の稼働率の目標を 99.9% / 99.95% / 99.99% のどれにしますか。 選択肢: - A) 99.9%（1 か月あたり止まってよい時間 約 43.8 分）【弊社の推奨・現行の暫定値（前提 P-04）】 - B) 99.95%（約 21.9 分） - C) 99.99%（約 4.4 分）	A) 99.9%（1 か月あたり止まってよい時間 約 43.8 分）【弊社の推奨・現行の暫定値（前提 P-04）】 / B) 99.95%（約 21.9 分） / C) 99.99%（約 4.4 分）	稼働率の目標が構成の二重化の度合い・拠点の数・監視体制、ひいては月額費用を決めるためです。	現行構成を端から端まで積み上げた実力値は 99.87〜99.92% で、99.9% はほぼ上限です。律速しているのは他組織が管理するインターネットの入口部分で、ここに 99.95% 以上を保証いただくことが 99.95% 以上を約束する前提になります。加えて B・C では予備拠点を平時から動かし続ける構成（現在は採用していません）が必要となり、月額費用と設計・検証工数が大幅に増えます。	C-101 と同趣旨 — 二重に聞かない
Q04	NFR-DR-001/002/006	① 規模・可用性・災害対策	事業側	最優先	災害時の復旧目標（2 つの場面に分けてお答えください）	大阪で復旧するまでにかかってよい時間と、失ってよいデータ量の組み合わせを、次の 3 つからお選びください。 ／ この場面での「失ってよいデータ量」は 5 分以内でよろしいですか。	【案の内訳】大阪に平常時は何も置かない（現行の設計）   約 14 日   数時間ぶん   ゼロ ／ データの複製だけ常時流す（弊社の推奨）   数日   1 分未満   データ複製ぶんのみ ／ 設備も平常時から動かしておく   1 日以下   1 分未満   設備一式の月額が常時発生 ／ A) 5 分以内 【弊社の推奨・現行設計で達成済み】 / B) それより短くしたい（希望値をご記入ください） / C) もっと長くてよい / A) ① / B) ② 【弊社の推奨】 / C) ③ / D) 未確定	いただいた希望値（復旧 1 日 / データ 5 分）は ③ を選ばないと達成できません。技術的な理由は次のとおりです。データベースの「任意の時点に巻き戻す記録」は別の地域に複製できない仕組みになっており（AWS の仕様）、大阪へ運べるのは最短 1 時間おきの写しだけです。1 分未満にするには、平常時から大阪へデータを流し続ける必要があります。	① は追加費用ゼロですが復旧に約 2 週間かかります。② は費用を大きく増やさずにデータの取りこぼしだけ先に解決できる折衷案で、弊社の推奨です。③ は希望値を満たしますが、大阪の設備費が毎月かかります。	
Q05	NFR-DR-008	① 規模・可用性・災害対策	事業側 + アプリチーム	最優先	切り替え時にログイン状態を引き継ぐか	予備拠点へ切り替えた際に、全利用者がもう一度ログインし直す（ログイン中の状態は引き継がれない）ことを許容いただけますか。 選択肢: - A) 許容する（再ログインだけで業務を再開できればよい）【弊社の推奨・現行の暫定値（U8 D-U8-10、製品仕様として明文化する方針）】 - B) 条件付きで許容（条件をご記入ください） - C) 許容できない（切り替え後もログイン状態の維持が必要）	A) 許容する（再ログインだけで業務を再開できればよい）【弊社の推奨・現行の暫定値（U8 D-U8-10、製品仕様として明文化する方針）】 / B) 条件付きで許容（条件をご記入ください） / C) 許容できない（切り替え後もログイン状態の維持が必要）	切り替え時に引き継ぐのは利用者情報と設定だけで、ログイン中の状態は引き継がない設計であり、この可否が構成方式そのものを左右するためです。	A なら現行方式（平時は大阪に設備を置かず費用ゼロ、被災時に一から作る）が成立します。C は予備拠点を常時稼働させる方式が前提となり、月額費用と設計・検証工数が大幅に増えます（現在は将来検討扱いで Phase 1 では提供しません）。あわせて、切り替え時は発行済みのパスワード再設定リンクも無効になる点をご案内文に含めます。大多数の利用者はお客様企業側のログインの仕組みにログイン状態が残っていれば、パスワード再入力なしで再開できます。	B-DR-4 と同趣旨 — 二重に聞かない
Q06	P-04	① 規模・可用性・災害対策	事業側	最優先	稼働率を契約でお約束するか	稼働率 99.9% を、社内の管理目標に留めるのではなく、契約書に明記した「お約束」として扱いますか。 選択肢: - A) 契約に明記してお約束する 【弊社の推奨・現行の暫定値（前提 P-04、2026-07-23 凍結）】 - B) 社内の管理目標に留め、契約には書かない	A) 契約に明記してお約束する 【弊社の推奨・現行の暫定値（前提 P-04、2026-07-23 凍結）】 / B) 社内の管理目標に留め、契約には書かない	契約に書くかどうかで、計測方法・除外条件・未達時の対応まで文書として整える必要が生じるためです。	A の場合、① 何をもって「動いている」と測るかと除外条件（計画停止・お客様起因・お客様企業側のログインの仕組み起因）の契約記載、② 他組織が管理するインターネット入口起因の停止の扱い（NFR-AVL-001b の回答）、③ 月次の稼働率レポートを出す仕組みの構築、が必須作業として発生します。未達時の補償（利用料の控除など）の有無は現時点で未確定のため、別途ご相談させてください。また、災害からの復旧目標（約 14 日）と切り替え時の再ログインも、稼働率とは別項目として契約に明記する必要があります。	B-OBS-5 と同趣旨 — 二重に聞かない
Q07	NFR-SCL-004	① 規模・可用性・災害対策	事業側	通常	新しいお客様企業をつなぐまでの日数	新しいお客様企業のログイン連携を、お申し込みから何日で使える状態にする必要がありますか。 選択肢: - A) 1 営業日以内 【弊社の推奨・現行の暫定値】 - B) 3〜5 営業日でよい - C) 数時間以内（即日）が必要 ／ (b) 新しいお客様企業を、月平均で何社追加する見込みですか。	A) 1 営業日以内 【弊社の推奨・現行の暫定値】 / B) 3〜5 営業日でよい / C) 数時間以内（即日）が必要 / A) 具体的な社数をご記入ください（例: 月 5 社） / B) 概算（〜5 社 / 〜20 社 / 〜50 社 / それ以上） / C) 未確定	開通作業のうち「外部との通信を許可する申請」が他組織の対応時間に依存し、目標日数によって事前に合意すべき内容が変わるためです。	A を守るには、他組織に「通信許可の申請を 4 営業時間以内に処理する」ことを合意いただくか、許可枠をあらかじめ一括確保する必要があります（未合意のままでは 1 営業日以内は保証できず、目標値の見直しが必要になります）。C の場合は一括確保が必須で、他組織との調整工数が増えます。B なら基盤側の作業（実質 2〜3 時間）に十分な余裕が生まれます。	B-603（所要時間のご期待値）/ A-7（追加の頻度 = 上記 (b)） / NFR-OPS-011（テナント追加の運用 SLA = 上記 (a)） と同趣旨 — 二重に聞かない
Q08	NFR-AVL-001b	① 規模・可用性・災害対策	事業側	通常	稼働率の測り方（責任の範囲）	他組織が管理するインターネットの入口（防御装置・配信網）が原因の停止を、本基盤の稼働率の計算に含めますか。 選択肢: - A) 含めない（別枠に区分して集計し、協議事項として扱う）【弊社の推奨・現行の暫定値】 - B) 含める（入口を含めた全体で稼働率をお約束する）	A) 含めない（別枠に区分して集計し、協議事項として扱う）【弊社の推奨・現行の暫定値】 / B) 含める（入口を含めた全体で稼働率をお約束する）	稼働率の実力を決めているのが管理外の入口部分であり、そこを約束の範囲に含めるかで実現可能な数値が変わるためです。	B の場合、入口部分に 99.95% 以上の保証を他組織から取り付けることが契約の前提になり、取り付けられない場合は 99.9% のお約束自体が成り立ちません。なお、計画停止・お客様起因・お客様企業側のログインの仕組み（社内アカウント基盤）起因の失敗は、A・B いずれでも計算から除外する前提です。	
Q09	NFR-AVL-002a	① 規模・可用性・災害対策	事業側 + アプリチーム	通常	計画停止の頻度と時間帯	計画的な停止を「月 1 回・深夜 2〜4 時（最大 2 時間）」で実施することを許容いただけますか。 選択肢: - A) 月 1 回・深夜 2〜4 時 【弊社の推奨・現行の暫定値】 - B) 頻度・時間帯を変更したい（ご希望をご記入ください） - C) 計画停止は一切不可	A) 月 1 回・深夜 2〜4 時 【弊社の推奨・現行の暫定値】 / B) 頻度・時間帯を変更したい（ご希望をご記入ください） / C) 計画停止は一切不可	この停止枠を確保できるかどうかで、大きな版数更新（データの作り替えを伴うもの）の進め方が変わるためです。	計画停止は稼働率の計算から除外する前提です。C の場合、大きな版数更新も無停止で行う必要があり、新旧を並行して動かして切り替える方式の追加設計・検証（工数増）が発生します。日常の修正適用・設定変更は A・B・C いずれでも無停止で実施できます。	C-107 と同趣旨 — 二重に聞かない
Q10	NFR-DR-004	① 規模・可用性・災害対策	事業側	通常	バックアップの保存期間	日々取得するバックアップを何日分保存しますか。 選択肢: - A) 30 日分 【弊社の推奨・現行の暫定値】 - B) 90 日分 - C) 年単位でさらに長期（法令・業界規則の根拠をご記入ください）	A) 30 日分 【弊社の推奨・現行の暫定値】 / B) 90 日分 / C) 年単位でさらに長期（法令・業界規則の根拠をご記入ください）	保存期間が保管費用と、「いつの時点まで戻せるか」の限界を同時に決めるためです。	保存期間はデータ量に比例して保管費用が増えます。C の場合は日々のバックアップとは別に長期保管専用の複製を作る仕組みの追加設計が必要です。なお、操作履歴・監査ログの保存期間はこれとは別の話で、既出の C-203 / B-OBS-1（現行設計値: 直近 90 日 → 1 年 → 7 年の 3 段階）で確認します。	
Q11	NFR-DR-005	① 規模・可用性・災害対策	事業側	通常	どこまで細かく巻き戻せるか	誤操作やデータ破壊が起きたとき、過去のどの時点まで戻せる必要がありますか。 選択肢: - A) 直近 35 日以内の任意の時点へ戻せる 【弊社の推奨・現行の暫定値。要件書の目安は「5 分刻み・35 日」、基本設計では実力として「1 秒単位の精度・最大 35 日」（U8 D-U8-14）】 - B) もっと短くてよい（費用を下げたい。日数をご記入ください） - C) 35 日より長い期間の任意時点まで戻したい	A) 直近 35 日以内の任意の時点へ戻せる 【弊社の推奨・現行の暫定値。要件書の目安は「5 分刻み・35 日」、基本設計では実力として「1 秒単位の精度・最大 35 日」（U8 D-U8-14）】 / B) もっと短くてよい（費用を下げたい。日数をご記入ください） / C) 35 日より長い期間の任意時点まで戻したい	巻き戻せる範囲が、誤削除・設定破損からの復旧手段の中心になるためです。	この巻き戻し機能は攻撃者に消される可能性があるため（サービスの内部に保持される仕組みのため）、悪意ある削除や暗号化に備えて「一定期間は誰にも消せないバックアップ」を別枠で併設します（次項 NFR-DR-006 と連動）。C は保管費用が増えます。	
Q12	NFR-DR-007	① 規模・可用性・災害対策	事業側 + アプリチーム	通常	復旧訓練の回数	予備拠点への切り替え訓練を年に何回実施しますか。 選択肢: - A) 年 2 回（上期＝大阪を一から作り直す訓練、下期＝データ復元の訓練）【弊社の推奨・現行の暫定値（U8 D-U8-13）】 - B) 年 1 回 - C) それ以上（回数をご指定ください）	A) 年 2 回（上期＝大阪を一から作り直す訓練、下期＝データ復元の訓練）【弊社の推奨・現行の暫定値（U8 D-U8-13）】 / B) 年 1 回 / C) それ以上（回数をご指定ください）	訓練は復旧手順が実際に動くことの唯一の証明であり、回数が運用者の稼働と訓練用環境の費用を決めるためです。	年 2 回の場合、訓練用環境の費用と運用者の稼働（1 回あたり数日規模）が毎期発生します。回数を減らすと手順が現状と食い違ったまま放置されるリスクが上がり、災害時の復旧目標（約 14 日）の確度が下がります。お客様側・アプリ側が訓練に参加いただけるかは既出 B-DR-2 で確認します。	B-DR-2 と同趣旨（参加可否）— 本項は「回数」のみを確認
Q13	NFR-AVL-002b	① 規模・可用性・災害対策	事業側 + アプリチーム	後回し可	計画停止の事前通知	計画停止の事前通知を 7 日前とすることでよいですか。 選択肢: - A) 7 日前 【弊社の推奨・現行の暫定値】 - B) 14 日前以上が必要 - C) 前日〜即日でよい	A) 7 日前 【弊社の推奨・現行の暫定値】 / B) 14 日前以上が必要 / C) 前日〜即日でよい	通知の期限が、お客様への案内経路と運用側の準備手順を決めるためです。	B の場合、緊急性の高い修正（重大な脆弱性への対応など）が通知期限に間に合わないため、「緊急時は例外」とする別ルールの合意が別途必要になります。	
Q14	FR-FED-001	② ログイン基盤連携・SSO	事業側	最優先	Auth0 を使っているお客様企業の数	お客様企業のうち、社員がログインする仕組みとして Auth0 をお使いの会社はどのくらいありますか。 選択肢: - A) なし - B) 数社（1〜9 社） - C) 数十社 - D) 100 社以上 - E) 不明・これから調査 （弊社の推奨値は設定しません。現行は「接続対象に含む前提」で設計しており、社数の暫定値は未確定です）	A) なし / B) 数社（1〜9 社） / C) 数十社 / D) 100 社以上 / E) 不明・これから調査	接続先の製品ごとに設定のひな形と動作確認が必要で、社数によって準備の順番と検証工数が決まるためです。	Auth0 は弊社の試作機で接続実績があるため、追加の検証工数はほとんど発生しません（他製品より安価に着手可能）。社数が多い場合はひな形整備を最優先に回します。	B-200（マスター表 B に会社ごと 1 行で記入いただく表）と同趣旨 — 正式な回答は表 B で回収し、本項は事前の概算把握のみ
Q15	FR-FED-002	② ログイン基盤連携・SSO	事業側	最優先	Entra ID（旧 Azure AD）を使っているお客様企業の数	お客様企業のうち、Microsoft の Entra ID（旧 Azure AD）をお使いの会社はどのくらいありますか。 選択肢: - A) なし - B) 数社（1〜9 社） - C) 数十社 - D) 100 社以上 - E) 不明・これから調査 （弊社の現行の暫定値：「必ず対応する」前提で設計中。社数は未確定）	A) なし / B) 数社（1〜9 社） / C) 数十社 / D) 100 社以上 / E) 不明・これから調査	Entra ID は要件上「必ず対応」と位置付けている一方、弊社の試作機では別製品（Auth0）で代用しており実機での接続確認がまだ済んでいないためです。	該当が多い場合、契約前に実機での接続テスト（利用者情報の受け取り項目の確認を含む）を最優先で計画します — 検証工数が別途発生します。逆に「なし」であれば、その検証を後ろ倒しできます。	B-200（マスター表 B）と同趣旨 — 正式な回答は表 B、本項は概算把握のみ
Q16	FR-FED-003	② ログイン基盤連携・SSO	事業側	最優先	Okta を使っているお客様企業の数	お客様企業のうち、Okta をお使いの会社はどのくらいありますか。 選択肢: - A) なし - B) 数社（1〜9 社） - C) 数十社 - D) 100 社以上 - E) 不明・これから調査 （弊社の現行の暫定値：「対応が望ましい」位置付け。社数は未確定）	A) なし / B) 数社（1〜9 社） / C) 数十社 / D) 100 社以上 / E) 不明・これから調査	Okta も実機での接続確認が未実施で、該当社数によって検証の優先順位が変わるためです。	該当があれば実機接続テストの対象に追加します（1 製品あたりの検証工数が積み上がります）。なお Okta は利用者情報の自動同期（退職者の自動停止など）を全プランで備えているため、その面の追加費用は発生しない見込みです。	B-200（マスター表 B）と同趣旨
Q17	FR-FED-004	② ログイン基盤連携・SSO	事業側	最優先	Google Workspace を使っているお客様企業の数	お客様企業のうち、Google Workspace をお使いの会社はどのくらいありますか。 選択肢: - A) なし - B) 数社（1〜9 社） - C) 数十社 - D) 100 社以上 - E) 不明・これから調査 （弊社の現行の暫定値：「対応できればよい」位置付け。社数は未確定）	A) なし / B) 数社（1〜9 社） / C) 数十社 / D) 100 社以上 / E) 不明・これから調査	Google Workspace も実機接続が未確認で、かつ利用者情報の自動同期の可否がご契約プランによって分かれるためです。	該当があれば実機接続テストの対象に追加します。自動同期は上位プラン（Cloud Identity Premium）が必要で、標準プランのお客様は「初回ログイン時の自動登録」のみの運用になり、退職者の停止は別手段（お客様側の運用 or 90 日の未使用停止）に頼ることになります。	B-200（マスター表 B）と同趣旨
Q18	FR-FED-013a	② ログイン基盤連携・SSO	事業側	最優先	ログイン画面に接続先の一覧を出さない方式のご了承	ログイン画面に接続先企業の一覧（ボタン列）を出さず、ID またはメールアドレスを入力していただいて自動で振り分ける方式でご了承いただけますか。 選択肢: - A) 了承（入力していただいて自動振り分け）【弊社の推奨・現行の暫定値。1000 社超では一覧表示は性能上そもそも成立しません】 - B) 一覧から選ばせたい - C) 未定	A) 了承（入力していただいて自動振り分け）【弊社の推奨・現行の暫定値。1000 社超では一覧表示は性能上そもそも成立しません】 / B) 一覧から選ばせたい / C) 未定	接続先が 1000 社を超えると一覧表示は画面としても性能としても成立せず、これが基盤全体の作りの前提条件になっているためです。	B を選ばれる場合、1000 社規模を単一の基盤で受ける前提そのものが崩れ、基盤の分割など構成の抜本的な見直し（設計のやり直し規模の工数・費用）が必要になります。	B-601（ログイン画面の方式）と同趣旨 — 二重に聞かない
Q19	FR-FED-013b	② ログイン基盤連携・SSO	事業側 + アプリチーム	最優先	利用者に入力していただく ID の形	利用者に入力していただく文字として「会社コード - 利用者 ID」（例: acme-001234）とメールアドレスの両方を受け付ける形でよろしいですか。 選択肢: - A) 両方受け付ける（会社ごとにどちらをご案内するかは指定可）【弊社の推奨・現行の暫定値】 - B) 「会社コード - 利用者 ID」のみ - C) メールアドレスのみ - D) 未定	A) 両方受け付ける（会社ごとにどちらをご案内するかは指定可）【弊社の推奨・現行の暫定値】 / B) 「会社コード - 利用者 ID」のみ / C) メールアドレスのみ / D) 未定	メールアドレスを持たない利用者（工場・店舗・現場など）がいる場合、メールアドレスだけでは振り分けができないためです。	会社コードは英小文字と数字のみ・ハイフン不可・後から変更できないため、ご契約時に確定していただく必要があります（社名変更・合併時は表示名のみ変更する運用になります）。C 単独を選ばれるとメールアドレスを持たない利用者を収容できません。	B-619（振り分けの手がかりに何を使うか）と同趣旨
Q20	P-14	② ログイン基盤連携・SSO	アプリチーム	最優先	新しく作るアプリの連携方式の統一	今後新しく作るアプリの連携方式は「新しい方式」に統一し、既に連携済みの既存システムは「従来方式」のまま据え置く方針でよろしいですか。 選択肢: - A) 新規は新しい方式 / 既存の連携済みシステムは従来方式のまま 【弊社の推奨・現行の暫定値】 - B) 既存システムも含めてすべて新しい方式へ移行する - C) 新規でも従来方式を許容する - D) 未定	A) 新規は新しい方式 / 既存の連携済みシステムは従来方式のまま 【弊社の推奨・現行の暫定値】 / B) 既存システムも含めてすべて新しい方式へ移行する / C) 新規でも従来方式を許容する / D) 未定	従来方式には「スマートフォンアプリやブラウザだけで動くアプリ」への対応と「アプリ同士の API 呼び出しの許可」を扱う標準的な仕組みが存在せず、新規開発では行き詰まるためです。	A は既存システムに手を入れずに済み、追加費用が発生しません。B は既存システム側の改修費用が対象システム数に比例して別途発生します。C はアプリごとに個別方式の設計・検証が必要となり、アプリ 1 本あたりの追加工数が継続的に発生します。	B-APP-OIDC-1（新規アプリの標準化）/ B-APP-OIDC-2（既存アプリの移行方針）と同趣旨 — 二重に聞かない
Q21	FR-FED-009a	② ログイン基盤連携・SSO	アプリチーム	通常	お客様から受け取る利用者情報のそろえ方	各アプリへお渡しする利用者情報を、弊社が定めた共通の項目一式にそろえてお渡しする方式でよろしいですか。 選択肢: - A) 共通の項目一式にそろえてお渡しする（お客様ごとの生の項目はアプリに渡さない）【弊社の推奨・現行の暫定値】 - B) お客様ごとの項目名・内容をそのままアプリに渡す - C) 未定	A) 共通の項目一式にそろえてお渡しする（お客様ごとの生の項目はアプリに渡さない）【弊社の推奨・現行の暫定値】 / B) お客様ごとの項目名・内容をそのままアプリに渡す / C) 未定	お客様ごとに項目名も有無も値の意味もばらばらなため、そろえずに渡すとアプリ側が会社ごとの場合分けを抱え込むことになるためです。	A ならアプリ側の受け取り実装は 1 回で済みます。B は会社ごとの個別対応となり、アプリ側の工数が接続社数（1000 社規模）に比例して増大します。	B-604（お客様ごとの項目名の違いへの対応）と同趣旨 — 具体的な対応表の中身は B-604 で回収
Q22	FR-FED-009b	② ログイン基盤連携・SSO	事業側 + アプリチーム	通常	お客様固有の追加項目を受け取る必要の有無	弊社の共通の項目一式に含まれない、お客様固有の追加項目を受け取ってアプリへ渡す必要はありますか。 選択肢: - A) 不要 - B) 必要（必要な項目名の一覧をご提示ください） - C) 未定 （現行は未確定 — 追加項目の受入枠を設けるかどうかは弊社内でも未決事項です）	A) 不要 / B) 必要（必要な項目名の一覧をご提示ください） / C) 未定	受入枠を設けるかどうかで、情報の保存ルールとアプリへの受け渡し契約が変わるためです。	必要な場合、追加項目の命名ルールと申請・審査のプロセスを新設する必要があり、設計・運用の工数が増えます。不要なら、余計な個人情報が紛れ込まない仕組み（宣言していない項目は保存自体しない）をそのまま維持できます。	
Q23	FR-FED-011	② ログイン基盤連携・SSO	事業側	通常	新しいお客様を接続する作業の実施主体	新しいお客様企業を本サービスに接続する設定作業は、どなたが実施する想定ですか。 選択肢: - A) 弊社の運用チームが実施（お客様からは申請のみ）【弊社の推奨・現行の暫定値】 - B) お客様ご自身が設定できる画面を用意する（セルフサービス） - C) 併用（基本は弊社、一部の大口のお客様のみセルフサービス）	A) 弊社の運用チームが実施（お客様からは申請のみ）【弊社の推奨・現行の暫定値】 / B) お客様ご自身が設定できる画面を用意する（セルフサービス） / C) 併用（基本は弊社、一部の大口のお客様のみセルフサービス）	お客様ご自身が設定する画面が必要かどうかで、開発する画面と権限の作り込みが大きく変わるためです。	A は現行の半自動の手順（申請 → 内容検査 → 作成 → 接続確認、目標次営業日以内）で対応でき、追加開発は不要です。B / C はお客様向け設定画面の新規開発と権限まわりの追加設計が必要となり、開発費用が増えます。	B-608（オンボーディング主体）と同趣旨 — 接続情報の受領形式は B-609、所要時間のご期待値は B-603 で別途確認
Q24	FR-FED-014a	② ログイン基盤連携・SSO	事業側	通常	ログイン画面の URL を全社共通にしてよいか	ログイン画面の URL は全社共通で 1 本（例: auth.example.com）としてよろしいですか。 選択肢: - A) 全社共通 1 本 【弊社の推奨・現行の暫定値】 - B) お客様ごとの専用 URL（例: acme.auth.example.com）も用意したい - C) 未定	A) 全社共通 1 本 【弊社の推奨・現行の暫定値】 / B) お客様ごとの専用 URL（例: acme.auth.example.com）も用意したい / C) 未定	お客様ごとの URL を用意すると、証明書・DNS・振り分け設定が接続社数ぶん必要になり、運用の量と費用が変わるためです。	B は次フェーズ扱い（初回リリースの範囲外）です。採用する場合は証明書・DNS の管理対象が社数ぶん増え、対象社数に応じた運用費用が継続的に発生します。	B-208（共通ドメインの利用）/ B-618 / B-621 と同趣旨
Q25	FR-FED-014b	② ログイン基盤連携・SSO	事業側	通常	ログイン画面のデザインを全社共通にしてよいか	ログイン画面のデザインは全社共通の 1 種類（お客様ごとのロゴ・配色なし）でよろしいですか。 選択肢: - A) 全社共通 1 種類 【弊社の推奨・現行の暫定値】 - B) お客様ごとにロゴ・配色を変えたい - C) 未定	A) 全社共通 1 種類 【弊社の推奨・現行の暫定値】 / B) お客様ごとにロゴ・配色を変えたい / C) 未定	最初の画面は「どの会社の利用者か」がまだ分かっていない状態で表示されるため、その画面に会社ごとのロゴを出すことは原理的にできないためです。	B を求められる場合、FR-FED-014a の B（お客様ごとの専用 URL）とセットで次フェーズ対応となり、ロゴの入稿・検収・配信の運用が社数ぶん発生します（制作・運用費用が増加）。なお、お客様が自社のログイン基盤をお持ちの場合、実際にパスワードを入力する画面はお客様側の画面であり、そちらは従来どおり貴社・お客様のデザインで表示されます。	B-624 / B-TAP-9（画面の見た目の設定）と同趣旨
Q26	FR-SSO-002	② ログイン基盤連携・SSO	事業側 + アプリチーム	通常	既にお客様側でログイン済みの利用者をそのまま通すか	お客様企業のログイン基盤で既にログイン済みの利用者が本サービスに来たとき、あらためて入力を求めずそのまま通してよろしいですか。 選択肢: - A) そのまま通す（お客様側のログイン結果を全面的に信頼する）【弊社の推奨・現行の暫定値】 - B) 重要なアプリのみ、あらためて本人確認を求める - C) 毎回あらためて入力を求める - D) 未定	A) そのまま通す（お客様側のログイン結果を全面的に信頼する）【弊社の推奨・現行の暫定値】 / B) 重要なアプリのみ、あらためて本人確認を求める / C) 毎回あらためて入力を求める / D) 未定	そのまま通すかどうかで、利用者の手数と、万一お客様側で乗っ取りが起きた際の被害の広がり方が変わるためです。	A は追加開発なしです。B は対象アプリごとの条件設定と画面遷移の追加設計が必要になり（アプリ側・基盤側の双方に工数）、C は「一度のログインで複数サービスを使える」という本サービスの利点自体が大きく損なわれます。	B-801 / B-801-1（信頼レベル）と同趣旨 — お客様別・アプリ別に変えるかは B-801-2 で別途確認
Q27	FR-SSO-003a	② ログイン基盤連携・SSO	事業側 + アプリチーム	通常	ログアウトしたときにどこまで切るか	利用者がログアウトを押したとき、既定では本サービス上の全アプリをまとめてログアウトさせる形でよろしいですか。 選択肢: - A) 本サービス上の全アプリをまとめてログアウト 【弊社の推奨・現行の暫定値】 - B) 押したアプリだけログアウト - C) アプリごとに選べるようにする - D) 未定	A) 本サービス上の全アプリをまとめてログアウト 【弊社の推奨・現行の暫定値】 / B) 押したアプリだけログアウト / C) アプリごとに選べるようにする / D) 未定	共用端末での「ログアウトしたつもりが別アプリに入れてしまう」取り残しを防ぐため、既定の動作を決めておく必要があるためです。	A を成立させるには、各アプリ側にサーバー同士の直接通知を受け取る仕組みの実装が必要です（アプリ 1 本あたりの追加工数が発生）。ブラウザ画面を経由して各アプリに通知する旧来方式は成功率が 6〜8 割にとどまるため採用しません。C は設定項目とテストの組み合わせが増えます。	B-701（既定のログアウト範囲）と同趣旨
Q28	FR-SSO-003b	② ログイン基盤連携・SSO	アプリチーム	通常	サーバー側処理を持たない画面だけのアプリの有無	貴社のアプリの中に、サーバー側の処理を持たない「ブラウザの画面だけで動くアプリ」はありますか。 選択肢: - A) ない - B) ある（アプリ名と本数をご提示ください） - C) 未定 （現行は未確定 — 該当がある場合にサーバー側の受け皿を追加するか、取り残しを許容するかはアプリごとの判断としています）	A) ない / B) ある（アプリ名と本数をご提示ください） / C) 未定	そうしたアプリは前項のサーバー同士の直接通知を受け取れず、まとめてログアウトの対象に技術的にできないためです。	該当がある場合、サーバー側の受け皿を追加する改修（アプリ側の追加工数）を行うか、ログアウト後も最大 30 分〜1 時間はその画面が使えてしまう状態を許容するかの選択が必要です。共用端末で使うアプリは前者を必須としたいと考えています。	
Q29	FR-SSO-004	② ログイン基盤連携・SSO	アプリチーム	通常	ログアウト後の戻り先 URL の扱い	ログアウト後に利用者を戻す画面の URL を、事前に登録したものだけに限定する方式でよろしいですか。 選択肢: - A) 事前に登録した URL のみ許可（アプリごとに登録）【弊社の推奨・現行の暫定値】 - B) アプリ側が自由に指定できるようにする - C) 未定	A) 事前に登録した URL のみ許可（アプリごとに登録）【弊社の推奨・現行の暫定値】 / B) アプリ側が自由に指定できるようにする / C) 未定	戻り先を自由に指定できると、利用者を悪意あるサイトへ飛ばす攻撃の入口になるためです。	A の場合、アプリごとに戻り先 URL の一覧（目安 5〜10 本）を事前にご提出いただく作業が発生し、追加・変更のたびに申請が必要になります。B は追加開発は不要ですが、セキュリティ上お勧めできず、監査時の指摘対象になり得ます。	B-703 / B-703-1（戻り先 URL の管理方針・事前登録）と同趣旨
Q30	FR-SSO-005	② ログイン基盤連携・SSO	事業側	通常	お客様企業のログイン基盤側まで一緒にログアウトさせるか	本サービスからログアウトしたとき、お客様企業のログイン基盤側のログイン状態まで一緒に解除しますか。 選択肢: - A) 解除しない（既定はオフ。ご希望のお客様のみ個別に有効化）【弊社の推奨・現行の暫定値】 - B) 全お客様で常に解除する - C) 未定	A) 解除しない（既定はオフ。ご希望のお客様のみ個別に有効化）【弊社の推奨・現行の暫定値】 / B) 全お客様で常に解除する / C) 未定	お客様企業のログイン基盤は、その会社の社内の他システムにも使われていることが多く、こちら起点で解除すると他システムまで巻き込んで強制ログアウトさせてしまうためです。	A は既定のままで追加費用は発生せず、個別のご希望には会社ごとの設定項目として対応します（追加費用なし）。B は「他システムも一緒に落ちる」ことについて 1000 社すべてから事前同意を取る必要があり、契約・説明の負担が大きくなります。なお、お客様が自社のログイン基盤をお持ちでない場合に弊社側でお預かりするログイン状態については、共用端末での再ログインを防ぐため既定で常に解除します。	B-702 / B-APP-OIDC-3（ログアウト方式）と同趣旨
Q31	FR-AUTH-010	③ ログイン方法・パスワード・追加の本人確認	事業側	通常	前に使ったパスワードの使い回し禁止	過去に使ったパスワードの再利用を禁止する世代数は、直近 5 回分でよろしいでしょうか。 選択肢: - A) 直近 5 回分 【弊社の推奨・現行の暫定値】 - B) 直近 3 回分 - C) 直近 10 回分以上（具体的な数をご指定ください） - D) 制限しない なぜ聞くか: 御社の社内規程がパスワードの再利用禁止を定めている場合、弊社の初期値と食い違うと規程違反になるためです（この設定が効くのは、御社側にログイン基盤がなく弊社がパスワードをお預かりする利用者のみです）。 回答が設計に与える影響: 世代数を変えても費用・工数は動かず、設定値の変更のみで対応できます。世代数を増やすほど、利用者が「前に使ったパスワードが使えない」と戸惑う問い合わせが増えます。 優先度: 通常 既出: C-204-2 と同趣旨 — 二重に聞かない	A) 直近 5 回分 【弊社の推奨・現行の暫定値】 / B) 直近 3 回分 / C) 直近 10 回分以上（具体的な数をご指定ください） / D) 制限しない	御社の社内規程がパスワードの再利用禁止を定めている場合、弊社の初期値と食い違うと規程違反になるためです（この設定が効くのは、御社側にログイン基盤がなく弊社がパスワードをお預かりする利用者のみです）。	世代数を変えても費用・工数は動かず、設定値の変更のみで対応できます。世代数を増やすほど、利用者が「前に使ったパスワードが使えない」と戸惑う問い合わせが増えます。	C-204-2 と同趣旨 — 二重に聞かない
Q32	FR-AUTH-011a	③ ログイン方法・パスワード・追加の本人確認	事業側	通常	何回間違えたらロックするか	パスワードを何回続けて間違えたら、そのアカウントを一時的に使えなくしますか。 選択肢: - A) 5 回 【弊社の推奨・現行の暫定値】 - B) 3 回 - C) 10 回 - D) 回数によるロックはしない なぜ聞くか: 総当たりで password を破ろうとする攻撃を止める強さと、打ち間違いで正規の利用者が締め出される起こりやすさが、この回数だけで決まるためです。 回答が設計に与える影響: 設定値の変更のみで、弊社の実装費用は動きません。回数を減らすほど安全側になりますが、ロック解除の問い合わせが増え、御社の管理者または弊社運用の対応工数が増えます。 優先度: 通常 既出: C-205 と同趣旨 — 二重に聞かない	A) 5 回 【弊社の推奨・現行の暫定値】 / B) 3 回 / C) 10 回 / D) 回数によるロックはしない	総当たりで password を破ろうとする攻撃を止める強さと、打ち間違いで正規の利用者が締め出される起こりやすさが、この回数だけで決まるためです。	設定値の変更のみで、弊社の実装費用は動きません。回数を減らすほど安全側になりますが、ロック解除の問い合わせが増え、御社の管理者または弊社運用の対応工数が増えます。	C-205 と同趣旨 — 二重に聞かない
Q33	FR-AUTH-012	③ ログイン方法・パスワード・追加の本人確認	事業側	通常	パスワードを定期的に変えさせるか	パスワードを一定期間ごとに変更させる必要はありますか。 選択肢: - A) 定期的な変更は求めない 【弊社の推奨】 - B) 90 日ごとに変更 - C) 180 日ごとに変更 - D) その他（日数をご指定ください） なぜ聞くか: 定期変更の要否は公的ガイドラインと御社の社内規程で判断が分かれる論点であり、弊社の設計書でも日数は決めていない（未確定）ためです。 回答が設計に与える影響: 定期変更ありを選ぶと、期限切れ時の変更画面と事前のお知らせ運用が追加で必要になり、期限切れ直後の問い合わせが集中します。弊社は「追加の本人確認を必ず行う代わりに定期変更は求めない」という整理を取っており、A 以外を選ぶ場合はこの整理を組み直します。 優先度: 通常	A) 定期的な変更は求めない 【弊社の推奨】 / B) 90 日ごとに変更 / C) 180 日ごとに変更 / D) その他（日数をご指定ください）	定期変更の要否は公的ガイドラインと御社の社内規程で判断が分かれる論点であり、弊社の設計書でも日数は決めていない（未確定）ためです。	定期変更ありを選ぶと、期限切れ時の変更画面と事前のお知らせ運用が追加で必要になり、期限切れ直後の問い合わせが集中します。弊社は「追加の本人確認を必ず行う代わりに定期変更は求めない」という整理を取っており、A 以外を選ぶ場合はこの整理を組み直します。	
Q34	FR-AUTH-013a	③ ログイン方法・パスワード・追加の本人確認	事業側	通常	パスワードを忘れたときの再設定方法	利用者がパスワードを忘れたとき、どの方法で再設定できるようにしますか。 選択肢: - A) あらかじめ配った予備コードで本人確認したうえで、本人が再設定する 【弊社の推奨】 - B) 御社の管理者が仮のパスワードを発行する - C) A と B の両方を用意する - D) メールで再設定用のリンクを送る なぜ聞くか: 弊社は業務用メールアドレスを持たない利用者を前提としているためメール送付による再設定を採用しない決定をしており、その代わりの手段を確定する必要があるためです。 回答が設計に与える影響: B・C を選ぶと、御社の管理者に受付・本人確認・仮パスワード発行の運用が常時発生します。D は弊社の決定方針（メールを使わない）と矛盾するため、採用する場合は方針の見直しとなり、設計・検証のやり直し工数が発生します。 優先度: 通常 既出: B-RECOV-1 と同趣旨 — 二重に聞かない	A) あらかじめ配った予備コードで本人確認したうえで、本人が再設定する 【弊社の推奨】 / B) 御社の管理者が仮のパスワードを発行する / C) A と B の両方を用意する / D) メールで再設定用のリンクを送る	弊社は業務用メールアドレスを持たない利用者を前提としているためメール送付による再設定を採用しない決定をしており、その代わりの手段を確定する必要があるためです。	B・C を選ぶと、御社の管理者に受付・本人確認・仮パスワード発行の運用が常時発生します。D は弊社の決定方針（メールを使わない）と矛盾するため、採用する場合は方針の見直しとなり、設計・検証のやり直し工数が発生します。	B-RECOV-1 と同趣旨 — 二重に聞かない
Q35	FR-AUTH-013b	③ ログイン方法・パスワード・追加の本人確認	事業側	通常	管理者がリセットするときの本人確認	管理者がパスワードや追加の本人確認をリセットする際、依頼してきた人が本人であることをどの方法で確認しますか。 選択肢: - A) 対面など、顔が分かる経路で確認する 【弊社の推奨・現行の暫定値】 - B) 上長の承認をもって本人と認める - C) 社員番号など本人しか知らない情報を照合する - D) 御社で既に定めている規程に従う（内容をご提示ください） なぜ聞くか: この確認が甘いと「本人になりすまして電話をかけ、リセットさせる」手口でアカウントを乗っ取られるためです（弊社設計書では御社のポリシー次第として未確定にしています）。 回答が設計に与える影響: 確認手順は御社向けの運用手順書と、管理画面上の注意文言に反映します。弊社側の実装工数は選択肢によって変わりません。 優先度: 通常 既出: B-IDM-6 と同趣旨 — 二重に聞かない	A) 対面など、顔が分かる経路で確認する 【弊社の推奨・現行の暫定値】 / B) 上長の承認をもって本人と認める / C) 社員番号など本人しか知らない情報を照合する / D) 御社で既に定めている規程に従う（内容をご提示ください）	この確認が甘いと「本人になりすまして電話をかけ、リセットさせる」手口でアカウントを乗っ取られるためです（弊社設計書では御社のポリシー次第として未確定にしています）。	確認手順は御社向けの運用手順書と、管理画面上の注意文言に反映します。弊社側の実装工数は選択肢によって変わりません。	B-IDM-6 と同趣旨 — 二重に聞かない
Q36	FR-MFA-001	③ ログイン方法・パスワード・追加の本人確認	事業側	通常	認証アプリの 6 桁コードを認めるか	端末に保存する鍵（指紋・顔認証・セキュリティキー）が使えない利用者向けの代わりの手段として、認証アプリの 6 桁コードを許可しますか。 選択肢: - A) 許可する 【弊社の推奨・現行の暫定値】 - B) 許可しない（端末に保存する鍵のみ） - C) 追加の本人確認そのものを行わない なぜ聞くか: 指紋・顔認証に対応していない古い端末や共用端末を使う利用者がどの程度いるかによって、代わりの手段が要るかどうかが変わるためです。 回答が設計に与える影響: A は追加費用なしで実装できます。B にすると対応端末の配備が前提になり、端末の調達費用が御社側に発生します。C は御社側にログイン基盤がある場合のみ成立し、その場合の追加の本人確認は御社側の責任範囲になります。 優先度: 通常 既出: B-502 と同趣旨 — 二重に聞かない	A) 許可する 【弊社の推奨・現行の暫定値】 / B) 許可しない（端末に保存する鍵のみ） / C) 追加の本人確認そのものを行わない	指紋・顔認証に対応していない古い端末や共用端末を使う利用者がどの程度いるかによって、代わりの手段が要るかどうかが変わるためです。	A は追加費用なしで実装できます。B にすると対応端末の配備が前提になり、端末の調達費用が御社側に発生します。C は御社側にログイン基盤がある場合のみ成立し、その場合の追加の本人確認は御社側の責任範囲になります。	B-502 と同趣旨 — 二重に聞かない
Q37	FR-MFA-002	③ ログイン方法・パスワード・追加の本人確認	事業側	通常	端末に保存する鍵を第一の手段にするか	追加の本人確認の第一の手段を、端末に保存する鍵（指紋・顔認証・セキュリティキー）とすることでよろしいでしょうか。 選択肢: - A) 第一の手段とする 【弊社の推奨・現行の暫定値】 - B) 認証アプリの 6 桁コードを第一の手段とする - C) 決めていない（弊社の推奨に従う） なぜ聞くか: 端末に保存する鍵は偽のログイン画面に誘導されても盗まれない方式であり、弊社は管理者と弊社運用者にはこの方式を必須とする方針を取っているためです。 回答が設計に与える影響: A は追加費用なしで実装できます。B にすると偽サイト対策が弱くなるため、不審なログインを見つける監視の強化を別途検討することになり、その分の設計工数が増えます。 優先度: 通常 既出: B-503 / C-211 と同趣旨 — 二重に聞かない	A) 第一の手段とする 【弊社の推奨・現行の暫定値】 / B) 認証アプリの 6 桁コードを第一の手段とする / C) 決めていない（弊社の推奨に従う）	端末に保存する鍵は偽のログイン画面に誘導されても盗まれない方式であり、弊社は管理者と弊社運用者にはこの方式を必須とする方針を取っているためです。	A は追加費用なしで実装できます。B にすると偽サイト対策が弱くなるため、不審なログインを見つける監視の強化を別途検討することになり、その分の設計工数が増えます。	B-503 / C-211 と同趣旨 — 二重に聞かない
Q38	FR-MFA-003	③ ログイン方法・パスワード・追加の本人確認	事業側	通常	SMS で送る確認コードの要否	SMS で送る確認コードを、追加の本人確認の手段として使う必要はありますか。 選択肢: - A) 不要（使わない） 【弊社の推奨・不採用の方針】 - B) 必要（対象となる利用者層をご提示ください） なぜ聞くか: SMS は電話番号を第三者に乗っ取られて確認コードを横取りされる事例が多く、公的なガイドラインでも推奨されない方式であるため、弊社は使わない方針としているためです。 回答が設計に与える影響: B の場合、SMS 送信の仕組みを追加で作り込む工数と、1 通ごとの送信費用（利用者数と回数に比例して増える従量費用）が発生します。加えて電話番号をお預かりすることになり、個人情報の取扱い範囲が広がります。 優先度: 通常 既出: B-502 と同趣旨 — 二重に聞かない	A) 不要（使わない） 【弊社の推奨・不採用の方針】 / B) 必要（対象となる利用者層をご提示ください）	SMS は電話番号を第三者に乗っ取られて確認コードを横取りされる事例が多く、公的なガイドラインでも推奨されない方式であるため、弊社は使わない方針としているためです。	B の場合、SMS 送信の仕組みを追加で作り込む工数と、1 通ごとの送信費用（利用者数と回数に比例して増える従量費用）が発生します。加えて電話番号をお預かりすることになり、個人情報の取扱い範囲が広がります。	B-502 と同趣旨 — 二重に聞かない
Q39	FR-MFA-004	③ ログイン方法・パスワード・追加の本人確認	事業側	通常	メールで送る確認コードを使わない方針の確認	追加の本人確認にメールで送る確認コードを使わない方針で、ご了承いただけますでしょうか。 選択肢: - A) 了承する（使わない） 【弊社の推奨・決定済み】 - B) 使いたい（用途をご提示ください） なぜ聞くか: 弊社は業務用メールアドレスを持たない利用者（工場の現場など）を正式な前提として設計しており、メールを本人確認の経路にするとその方々が一切ログインできなくなるためです。 回答が設計に与える影響: B の場合、メールを持つ利用者と持たない利用者で本人確認の流れが二本立てになり、設計・実装・検証の工数が増えます。またこの方針はパスワードを忘れたときの再設定方法（FR-AUTH-013）と予備コードの要否（FR-MFA-005）の前提になっているため、変更するとそれらの設計もやり直しになります。 優先度: 通常 （当初は最優先候補でしたが、ご回答を待つ間も「使わない」前提で設計を進められ、何も止まらないため通常としました。A 以外をお選びの場合のみ、関連する 2 項目の設計をやり直します）	A) 了承する（使わない） 【弊社の推奨・決定済み】 / B) 使いたい（用途をご提示ください）	弊社は業務用メールアドレスを持たない利用者（工場の現場など）を正式な前提として設計しており、メールを本人確認の経路にするとその方々が一切ログインできなくなるためです。	B の場合、メールを持つ利用者と持たない利用者で本人確認の流れが二本立てになり、設計・実装・検証の工数が増えます。またこの方針はパスワードを忘れたときの再設定方法（FR-AUTH-013）と予備コードの要否（FR-MFA-005）の前提になっているため、変更するとそれらの設計もやり直しになります。	
Q40	FR-MFA-005a	③ ログイン方法・パスワード・追加の本人確認	事業側	通常	予備コードを配るか	端末を紛失したときに備えて、印刷や書き写しで保管する予備コードを利用者に配布しますか。 選択肢: - A) 配布する 【弊社の推奨・現行の暫定値】 - B) 配布しない（管理者によるリセットのみ） なぜ聞くか: メールや SMS での復旧経路を持たない方針のため、予備コードがないと端末を紛失した利用者が自力で復旧する手段が一切なくなるためです。 回答が設計に与える影響: 弊社側の実装工数は A・B で変わりません。B を選ぶと端末紛失のたびに御社管理者のリセット作業が必要になり、御社側の運用工数が増えます。 優先度: 通常	A) 配布する 【弊社の推奨・現行の暫定値】 / B) 配布しない（管理者によるリセットのみ）	メールや SMS での復旧経路を持たない方針のため、予備コードがないと端末を紛失した利用者が自力で復旧する手段が一切なくなるためです。	弊社側の実装工数は A・B で変わりません。B を選ぶと端末紛失のたびに御社管理者のリセット作業が必要になり、御社側の運用工数が増えます。	
Q41	FR-MFA-008a	③ ログイン方法・パスワード・追加の本人確認	事業側	通常	一度確認した端末を覚える機能を使うか	一度追加の本人確認を済ませた端末では、次回以降しばらく確認を省略する機能を使いますか。 選択肢: - A) 使う（対象は個人に割り当てた業務端末のみ） 【弊社の推奨。ただし基本設計では採否を未確定としています】 - B) 使わない（毎回確認する） - C) 決めていない（弊社の推奨に従う） なぜ聞くか: 毎回の確認は現場の負担になる一方、複数人で使い回す端末でこの機能を有効にすると別の人がそのまま入れてしまうため、御社での端末の使われ方によって判断が変わるためです。 回答が設計に与える影響: 設定の範囲で対応でき、費用は大きく動きません。A を選ぶ場合は、対象を個人割り当ての端末に限る設定と、端末の盗難時に「覚えた端末」を取り消す運用手順の整備が追加で必要になります。 優先度: 通常 既出: B-505 と同趣旨 — 二重に聞かない	A) 使う（対象は個人に割り当てた業務端末のみ） 【弊社の推奨。ただし基本設計では採否を未確定としています】 / B) 使わない（毎回確認する） / C) 決めていない（弊社の推奨に従う）	毎回の確認は現場の負担になる一方、複数人で使い回す端末でこの機能を有効にすると別の人がそのまま入れてしまうため、御社での端末の使われ方によって判断が変わるためです。	設定の範囲で対応でき、費用は大きく動きません。A を選ぶ場合は、対象を個人割り当ての端末に限る設定と、端末の盗難時に「覚えた端末」を取り消す運用手順の整備が追加で必要になります。	B-505 と同趣旨 — 二重に聞かない
Q42	FR-AUTH-011b	③ ログイン方法・パスワード・追加の本人確認	事業側	後回し可	ロックをどう解除するか	一時的に使えなくなったアカウントは、何分後に自動で使えるようになればよいでしょうか。 選択肢: - A) 30 分後に自動で解除 【弊社の推奨・現行の暫定値】 - B) 15 分後に自動で解除 - C) 60 分後に自動で解除 - D) 自動では解除せず、管理者の解除操作のみとする なぜ聞くか: 解除までの待ち時間が長いほど攻撃には強くなる一方、利用者からの解除依頼が増えるため、御社の運用体制に合わせて決める必要があるためです。 回答が設計に与える影響: A〜C は設定値の変更のみです。D（管理者解除のみ）を選ぶと、解除依頼の受付・本人確認・解除操作を常時こなす体制が必要になり、御社側の運用工数が増えます。 優先度: 後回し可 既出: C-205 と同趣旨（回数とあわせて確認済み）— 二重に聞かない	A) 30 分後に自動で解除 【弊社の推奨・現行の暫定値】 / B) 15 分後に自動で解除 / C) 60 分後に自動で解除 / D) 自動では解除せず、管理者の解除操作のみとする	解除までの待ち時間が長いほど攻撃には強くなる一方、利用者からの解除依頼が増えるため、御社の運用体制に合わせて決める必要があるためです。	A〜C は設定値の変更のみです。D（管理者解除のみ）を選ぶと、解除依頼の受付・本人確認・解除操作を常時こなす体制が必要になり、御社側の運用工数が増えます。	C-205 と同趣旨（回数とあわせて確認済み）— 二重に聞かない
Q43	FR-AUTH-014	③ ログイン方法・パスワード・追加の本人確認	事業側	後回し可	最初に配ったパスワードの強制変更	管理者が発行した最初のパスワードは、初回ログイン時に必ず変更させる方式でよろしいでしょうか。 選択肢: - A) 必ず変更させる 【弊社の推奨・現行の暫定値】 - B) 変更をおすすめするが、変えなくても使い続けられる - C) 変更させない なぜ聞くか: 発行した管理者が初期パスワードを知っている状態が続くと、「そのパスワードを知っているのは本人だけ」という前提が崩れ、不正利用が起きたときに本人の操作か管理者の操作かを区別できなくなるためです。 回答が設計に与える影響: A は設定のみで実現でき、追加費用は発生しません。B・C を選ぶと、上記の区別ができない状態を許容することになり、監査時の説明が困難になります。 優先度: 後回し可	A) 必ず変更させる 【弊社の推奨・現行の暫定値】 / B) 変更をおすすめするが、変えなくても使い続けられる / C) 変更させない	発行した管理者が初期パスワードを知っている状態が続くと、「そのパスワードを知っているのは本人だけ」という前提が崩れ、不正利用が起きたときに本人の操作か管理者の操作かを区別できなくなるためです。	A は設定のみで実現でき、追加費用は発生しません。B・C を選ぶと、上記の区別ができない状態を許容することになり、監査時の説明が困難になります。	
Q44	FR-MFA-005b	③ ログイン方法・パスワード・追加の本人確認	事業側	後回し可	予備コードを使い切ったときの再発行	予備コードを使い切った、または紛失した利用者への再発行は、誰が行いますか。 選択肢: - A) ログインできている間は本人が再発行し、ログインできない場合は御社の管理者がリセットする 【弊社の推奨・現行の暫定値】 - B) 常に御社の管理者が実施する - C) 常に弊社の運用担当が申請を受けて実施する なぜ聞くか: 再発行の権限をどちらが持つかで、管理画面に必要な機能と、問い合わせが御社と弊社のどちらに来るかが変わるためです。 回答が設計に与える影響: A・B は御社の管理画面の機能として提供します。C を選ぶと弊社に申請窓口と受付時間の取り決めが必要になり、対応時間帯に応じた運用費用が発生します。 優先度: 後回し可	A) ログインできている間は本人が再発行し、ログインできない場合は御社の管理者がリセットする 【弊社の推奨・現行の暫定値】 / B) 常に御社の管理者が実施する / C) 常に弊社の運用担当が申請を受けて実施する	再発行の権限をどちらが持つかで、管理画面に必要な機能と、問い合わせが御社と弊社のどちらに来るかが変わるためです。	A・B は御社の管理画面の機能として提供します。C を選ぶと弊社に申請窓口と受付時間の取り決めが必要になり、対応時間帯に応じた運用費用が発生します。	
Q45	FR-MFA-008b	③ ログイン方法・パスワード・追加の本人確認	事業側	後回し可	確認を省略できる期間	端末を覚えて追加の本人確認を省略する期間は、何日にしますか。 選択肢: - A) 30 日 【弊社の推奨・現行の暫定値】 - B) 7 日 - C) 90 日 - D) 0 日（省略しない） なぜ聞くか: 期間が長いほど利用者の手間は減りますが、端末を盗まれたときに悪用できる時間も同じだけ延びるためです。 回答が設計に与える影響: 設定値の変更のみで、費用・工数は動きません。御社の社内規程に日数の定めがある場合はその値に合わせます。 優先度: 後回し可 既出: C-215 と同趣旨 — 二重に聞かない	A) 30 日 【弊社の推奨・現行の暫定値】 / B) 7 日 / C) 90 日 / D) 0 日（省略しない）	期間が長いほど利用者の手間は減りますが、端末を盗まれたときに悪用できる時間も同じだけ延びるためです。	設定値の変更のみで、費用・工数は動きません。御社の社内規程に日数の定めがある場合はその値に合わせます。	C-215 と同趣旨 — 二重に聞かない
Q68	B-MIG-1 / B-MIG-10	③ ログイン方法・パスワード・追加の本人確認	アプリチーム	最優先	旧システムからの移し替え時に、パスワードを変えずに済むか	(a) 現在お使いのシステムは、利用者のパスワードをどの方式で保管していますか。 ／ (b) 上記が C / D / E だった場合、該当する利用者に一斉にパスワードを設定し直していただくことは許容できますか。 ／ (c) 一斉に設定し直す場合、新しいパスワードや案内をどうやって利用者に届けますか。 ／ (d) パスワードを弊社でお預かりする利用者（お客様側にログインの仕組みが無いテナントの利用者）は、何人いますか。	A) PBKDF2（SHA-256 または SHA-512） / B) Argon2（Argon2id） / C) bcrypt / D) その他（方式名をご記入ください） / E) 不明・これから調査 / A) 許容できる（配布手段は下記 (c) で指定） / B) 許容できない（パスワードを変えずに移したい） / C) 未確定 / A) 管理者が対面や社内便など、メール以外の経路で配る 【弊社の推奨】 / B) あらかじめ配ってある予備コードを使って本人に設定し直してもらう / C) その他（方法をご記入ください） / D) 未確定 / A) 具体的な人数をご記入ください / B) 概算（〜1,000 人 / 〜1 万人 / 〜10 万人 / それ以上） / C) 未確定	移し替えの作業自体は貴社のアプリ側で実施いただく想定ですが、パスワードを引き継げるかどうかは、現在お使いの保管方式によって決まります。A / B ならそのまま引き継げて、利用者は何もしなくて済みます。C / D の場合は、弊社側で変換用の部品を作るか、一斉に設定し直していただくかの二択になります。	- A / B の場合: 利用者への影響ゼロ、弊社の追加作業もありません。 - C / D の場合: ①弊社が変換用の部品を作る（追加の開発費用が発生）か、②一斉設定し直し のどちらかです。 - 一斉設定し直しを選んだ場合、配布が最大の課題になります。 本サービスは「業務用メールアドレスを持たない利用者」を前提に設計しているため、メールで案内を送る方法が使えません。管理者の方に対面などで配っていただく作業が、対象人数ぶん発生します。 - あわせて 対象人数（お客様側にログインの仕組みが無く、パスワードを弊社でお預かりする利用者の数）をお知らせください。ここが多いと、切替時の問い合わせ集中と配布作業が貴社側の負担になります。	
Q46	NFR-COMP-002	④ 法令・運用体制・利用者番号	事業側	最優先	日本国外に住む利用者への対応	本基盤を使う利用者（貴社の顧客企業の従業員等）の中に、日本国外に住んでいる方が含まれる見込みはありますか。 選択肢: - A) 含まれない（国内在住の利用者のみ）【弊社の推奨・現行の暫定値】 — データの保管場所は東京・大阪の 2 か所のみで設計中（前提 P-15） - B) 現時点では含まれないが、将来含まれる見込み（時期をご記入ください） - C) すでに含まれる（対象の国・地域名をご記入ください。例: 欧州、米国カリフォルニア州） - D) 未確定	A) 含まれない（国内在住の利用者のみ）【弊社の推奨・現行の暫定値】 — データの保管場所は東京・大阪の 2 か所のみで設計中（前提 P-15） / B) 現時点では含まれないが、将来含まれる見込み（時期をご記入ください） / C) すでに含まれる（対象の国・地域名をご記入ください。例: 欧州、米国カリフォルニア州） / D) 未確定	国外に住む利用者が含まれると、その国・地域の個人情報ルールへの対応と、データを置く場所の見直しが必要になるためです。	B/C の場合、①その地域向けの本人請求への応答手続と事前説明文書の追加、②保管場所を国外に増やす判断をする場合は基盤一式を追加構築する費用（設備・運用とも二重化）が発生します。A なら現行設計のまま追加費用はありません。法令に関わる判断のため、最終確定は法務確認が前提です。	A-4（利用者の地理分布）/ A-12（海外展開時期）/ C-202 と同趣旨 — 二重に聞かない
Q47	NFR-COMP-007b	④ 法令・運用体制・利用者番号	事業側	最優先	「7 年」という年数の根拠	記録を 7 年残す根拠は、法令で保存が義務づけられているためですか、契約上の取り決めのためですか、それ以外ですか。 選択肢: - A) 法令上の保存義務（該当する法令名をご記入ください） - B) 顧客との契約上の義務 - C) それ以外（社内方針・業界慣行・請求権が消滅するまでの期間など） - D) 未確定 【現状。従来の根拠だったカード決済業界の規格を対象外にしたため、根拠が空白になっています】（U10-OP-9）	A) 法令上の保存義務（該当する法令名をご記入ください） / B) 顧客との契約上の義務 / C) それ以外（社内方針・業界慣行・請求権が消滅するまでの期間など） / D) 未確定 【現状。従来の根拠だったカード決済業界の規格を対象外にしたため、根拠が空白になっています】（U10-OP-9）	根拠がどれかによって、利用者から「私のデータを消してほしい」と言われたときの回答文が変わるためです。「念のため残している」は正当な理由として通らないと整理されています。	根拠が「契約のみ」の場合、削除を断る際に「保存期間が終わったら消します」と約束したうえで、その旨を本人に通知する手続きが必須になります（後述 NFR-COMP-009b と直結）。また、保持の目的をあらかじめ利用者に説明する文書への記載内容も変わります。法令に関わる判断のため、最終確定は法務確認が前提です。	
Q48	NFR-OPS-008a	④ 法令・運用体制・利用者番号	事業側	最優先	障害対応の受付時間帯と、24 時間 365 日体制に移る時期	障害発生時の対応受付は、リリース時点から 24 時間 365 日にしますか、それとも平日日中から始めて後で移行しますか。 選択肢: - A) 2 段階：リリース時は平日 9〜18 時（祝日除く）、リリース 6 か月後以降に 24 時間 365 日へ移行 【弊社の推奨・現行の暫定値】（ADR-040 §I） - B) リリース時点から 24 時間 365 日 - C) 平日日中のみ（24 時間化の予定なし） - D) 未確定	A) 2 段階：リリース時は平日 9〜18 時（祝日除く）、リリース 6 か月後以降に 24 時間 365 日へ移行 【弊社の推奨・現行の暫定値】（ADR-040 §I） / B) リリース時点から 24 時間 365 日 / C) 平日日中のみ（24 時間化の予定なし） / D) 未確定	対応時間帯が運用担当者の必要人数（＝人件費）を直接決めるためです。	A・B とも運用者 10 名体制（3 名のリード + 各系統の担当 + 緊急時の鍵管理者 2 名）を前提としていますが、B はリリース時点で 10 名全員がそろっている必要があり、採用の遅れがそのままリリース遅延になります。また B は時間外呼び出しの仕組み（有償サービス）の導入がリリース前提条件になります。A は採用を段階的に進められる一方、リリース当初は「平日日中対応・時間外はできる範囲で対応」であることを顧客に説明・合意いただく必要があります。C は 24 時間対応を求める顧客（金融・医療・官公庁）と契約できません。	C-301（サポート体制）/ B-PAM-1（α/β の顧客説明）と同趣旨 — 二重に聞かない
Q49	P-08b	④ 法令・運用体制・利用者番号	アプリチーム	最優先	各アプリ側が利用者を管理する番号の統一	本基盤につながる各アプリに対して、「利用者を指す番号は基盤が発番する内部番号を使うこと」を共通ルールとして守っていただけますか。 選択肢: - A) 共通ルールとして全アプリに適用する 【弊社の推奨・現行の暫定値】（U3 のアプリ ID 設計標準） - B) 新規アプリのみ適用し、既存アプリは現状の番号のままで、基盤側に対応表を持つ - C) アプリごとの判断に任せる - D) 未確定	A) 共通ルールとして全アプリに適用する 【弊社の推奨・現行の暫定値】（U3 のアプリ ID 設計標準） / B) 新規アプリのみ適用し、既存アプリは現状の番号のままで、基盤側に対応表を持つ / C) アプリごとの判断に任せる / D) 未確定	ここが揃っていないと、利用者の統合・退職処理・削除請求のたびに、アプリごとに個別の突き合わせ作業が必要になるためです。	A が最も工数が小さく、退職処理と削除請求を基盤側の操作だけで完結できます。B は基盤側に対応表を持つ開発が追加になりますが、既存アプリの改修は不要です（既存アプリ数に応じて対応表の運用工数が増加）。C はアプリ数に比例して個別対応の工数が増え続け、削除請求への期限内対応が難しくなります。	
Q50	G-DPA-a	④ 法令・運用体制・利用者番号	事業側	最優先	基盤ベンダーの保守要員が海外から関与することの可否	基盤ソフトウェアの提供元（Red Hat 社）の保守要員が、海外の拠点から本基盤の管理部分に関与することを、貴社として許容できますか。 選択肢: - A) 許容する（提供元との取り決めで、閲覧記録の取得と監査の権利を確保することが条件） 【弊社の推奨・現行の暫定値】 — 現行のクラウド構成（基盤ソフトウェアの提供元が管理領域を運用する形態）を維持 - B) 許容できない → 管理部分も自社の環境内に置く構成に変更する - C) 一切許容できない → 基盤ソフトウェアをすべて自前で運用する構成に変更する - D) 未確定（法務確認中）	A) 許容する（提供元との取り決めで、閲覧記録の取得と監査の権利を確保することが条件） 【弊社の推奨・現行の暫定値】 — 現行のクラウド構成（基盤ソフトウェアの提供元が管理領域を運用する形態）を維持 / B) 許容できない → 管理部分も自社の環境内に置く構成に変更する / C) 一切許容できない → 基盤ソフトウェアをすべて自前で運用する構成に変更する / D) 未確定（法務確認中）	これが「どの基盤構成を採用するか」を直接決める、現時点で唯一残っている確認事項だからです。	A なら現行設計のまま、追加費用なし。B に変わると管理部分の設備が増えて利用料が上がり、C に変わると保守作業がすべて自社負担になるため運用人員がさらに必要になります。いずれの場合も「AWS を使う」ことは変わらず、変わるのは提供元が運用に関わる範囲だけです。技術面では、利用者の個人データ本体は提供元の管理領域に渡らない設計（データベースへ直接読み書きし、管理領域を経由しない／記録の詳細度を上げることを禁止するルール）をすでに組んでいます。ただし保守要員が調査のためにアプリの動作記録を閲覧し得る点は残るため、そこが確認の焦点です。法令に関わる判断のため、最終確定は法務確認が前提です。	
Q51	NFR-COMP-003	④ 法令・運用体制・利用者番号	事業側	通常	第三者による監査の証明書	貴社の顧客企業から、本基盤について第三者による監査の証明書（第三者機関が発行する監査報告書・認証書）の提出を求められる見込みはありますか。 選択肢: - A) 求められない見込み。Phase 1 は弊社作成の説明資料（設計概要・責任分担表・インシデント対応手順）で対応し、証明書の取得はリリース 6 か月後以降に事業判断 【弊社の推奨・現行の暫定値】（ADR-036） - B) 求められる（必要な証明書の種類と、必要になる時期をご記入ください） - C) 未確定	A) 求められない見込み。Phase 1 は弊社作成の説明資料（設計概要・責任分担表・インシデント対応手順）で対応し、証明書の取得はリリース 6 か月後以降に事業判断 【弊社の推奨・現行の暫定値】（ADR-036） / B) 求められる（必要な証明書の種類と、必要になる時期をご記入ください） / C) 未確定	証明書を取得するかどうかで、外部の監査機関に支払う費用と、そのために必要な運用記録の作り込み量が大きく変わるためです。	取得する場合、外部監査費用（年次で継続発生）と、証明のための記録・手順書の整備工数が追加になります。また監査を受けるには運用記録が一定期間分たまっている必要があるため、取得時期はリリースから最短でも 6 か月後になります。取得しない場合でも記録自体は残す設計なので、後から取得へ切り替えることは可能です。	C-202 と同趣旨 — 二重に聞かない
Q52	NFR-COMP-005b	④ 法令・運用体制・利用者番号	事業側 + アプリチーム	通常	カード決済に関わるアプリを将来つなぐ見込み	本基盤に接続するアプリの中に、将来クレジットカード情報を扱うものが出てくる見込みはありますか。 選択肢: - A) 見込みなし 【弊社の推奨・現行の暫定値】 - B) 見込みあり（時期・アプリ名をご記入ください） - C) 未確定	A) 見込みなし 【弊社の推奨・現行の暫定値】 / B) 見込みあり（時期・アプリ名をご記入ください） / C) 未確定	見込みがあるなら、対応が必要になる時期を逆算して、いま作る設計に「後から戻せる形」で残しておく必要があるためです。	B の場合、いま対象外にした項目を「削除」ではなく「凍結」として残す扱いを継続します（現状すでに凍結扱い）。設計本体への追加費用は発生しませんが、対応開始時期が確定すれば体制計画に反映します。	
Q53	NFR-COMP-006b	④ 法令・運用体制・利用者番号	事業側	通常	将来、認定暗号方式を求める顧客が現れる見込み	貴社の顧客企業の中に、将来「米国政府が認定した暗号方式」の使用を条件として求めてくる先（官公庁・防衛・米国政府調達に関わる企業など）が現れる見込みはありますか。 選択肢: - A) 見込みなし 【弊社の推奨・現行の暫定値】 - B) 見込みあり（想定業種・時期をご記入ください） - C) 未確定	A) 見込みなし 【弊社の推奨・現行の暫定値】 / B) 見込みあり（想定業種・時期をご記入ください） / C) 未確定	見込みがある場合、後から切り替えると影響範囲が広い（製品構成の変更）ため、いまの段階で「切り替えやすさ」を設計に織り込む判断があり得るためです。	B の場合、後日の切り替えを想定した構成上の配慮を検討します（Phase 1 の追加費用は小、切り替え実施時は検証工数が発生）。	
Q54	NFR-COMP-007a	④ 法令・運用体制・利用者番号	事業側	通常	記録（監査ログ）を残す期間	誰がいつログインしたか・誰が設定を変更したかの記録を、何年間残す必要がありますか。 選択肢: - A) 3 段階で保持：すぐ検索できる状態で 90 日 / 1 年 / 書き換え不能な形で 7 年 【弊社の推奨・現行の暫定値】（U7 §7.7.1、U9 §9.3.1） - B) 1 年 - C) 3 年 - D) 6 年 - E) 10 年 - F) 未確定	A) 3 段階で保持：すぐ検索できる状態で 90 日 / 1 年 / 書き換え不能な形で 7 年 【弊社の推奨・現行の暫定値】（U7 §7.7.1、U9 §9.3.1） / B) 1 年 / C) 3 年 / D) 6 年 / E) 10 年 / F) 未確定	保持年数が記録の保管費用と、後述の削除請求への回答文の両方を決めるためです。	保管費用は年数にほぼ比例します（書き換え不能な保管領域＋長期保管領域の容量）。7 年より短くする場合は費用が下がりますが、過去の不正調査ができる範囲も短くなります。	C-203（監査ログ保存期間）/ B-OBS-1（ログ保存期間）と同趣旨 — 二重に聞かない
Q55	NFR-COMP-009a	④ 法令・運用体制・利用者番号	事業側	通常	本人からの開示・削除などの請求への対応要否	利用者本人から「自分のデータを見せてほしい・消してほしい」といった請求を受け付ける仕組みは必要ですか。 選択肢: - A) 必要。ただし Phase 1 は手動運用（申請はメール・問い合わせ窓口で受け、運用担当が手順書に沿って抽出・停止処理を行う） 【弊社の推奨・現行の暫定値】（U10 §10.5、月 10 件を超えたら自動化を前倒し） - B) 必要。Phase 1 から利用者本人が画面から申請できる仕組みが要る - C) 不要 - D) 未確定	A) 必要。ただし Phase 1 は手動運用（申請はメール・問い合わせ窓口で受け、運用担当が手順書に沿って抽出・停止処理を行う） 【弊社の推奨・現行の暫定値】（U10 §10.5、月 10 件を超えたら自動化を前倒し） / B) 必要。Phase 1 から利用者本人が画面から申請できる仕組みが要る / C) 不要 / D) 未確定	手動で回すか、申請用の画面と処理の流れを作るかで、開発量と対応の速さが変わるためです。	A は追加開発なし（手順書と担当者の確保のみ）。B は申請受付画面・進捗管理・期限監視の開発が追加になります。企業向けサービスのため請求件数は少ない想定で、A で期限内に対応できる見込みです。	C-209（個人データ削除権）と同趣旨 — 二重に聞かない
Q56	NFR-COMP-009b	④ 法令・運用体制・利用者番号	事業側	通常	「消してほしい」と「記録は残す」の境界	利用者から削除の請求があった場合、どこまで消して、どこから先は記録として残すかの線引きを、契約書にあらかじめ明記しますか。 選択肢: - A) 契約書に明記する（本人の情報は使えない状態にしたうえで表示名などを伏せ字化し、記録の中の本人を指す番号は残す） 【弊社の推奨・現行の暫定値】（U10 D-U10-13b） - B) 記録の保持を優先する旨だけ明記し、細部は都度判断 - C) 都度判断（明文化しない） - D) 未確定	A) 契約書に明記する（本人の情報は使えない状態にしたうえで表示名などを伏せ字化し、記録の中の本人を指す番号は残す） 【弊社の推奨・現行の暫定値】（U10 D-U10-13b） / B) 記録の保持を優先する旨だけ明記し、細部は都度判断 / C) 都度判断（明文化しない） / D) 未確定	線引きを決めておかないと、請求のたびに判断がぶれ、期限内に回答できなくなるためです。	A なら、削除処理の手順を 1 通りに固定でき、運用担当の判断negligible で回せます。C の場合は請求ごとに法務判断が必要となり、対応期限を守る難易度が上がります。法令に関わる判断のため、最終確定は法務確認が前提です。	B-RTBF-1（忘れられる権利 vs 監査記録の境界）と同趣旨 — 二重に聞かない
Q57	NFR-OPS-006a	④ 法令・運用体制・利用者番号	事業側 + アプリチーム	通常	緊急の脆弱性が見つかったときの修正期限	深刻な脆弱性が見つかったとき、何日以内に修正を適用する取り決めにしますか。 選択肢: - A) 最も深刻なもの: 24 時間以内 / 次に深刻なもの: 7 日以内 【弊社の推奨・現行の暫定値】（ADR-046 §C.3、Runbook RB-PLT-01） - B) 最も深刻なもの: 3 営業日以内 / 次に深刻なもの: 2 週間以内 - C) 顧客との契約で定める期限に合わせる（期限をご記入ください） - D) 未確定	A) 最も深刻なもの: 24 時間以内 / 次に深刻なもの: 7 日以内 【弊社の推奨・現行の暫定値】（ADR-046 §C.3、Runbook RB-PLT-01） / B) 最も深刻なもの: 3 営業日以内 / 次に深刻なもの: 2 週間以内 / C) 顧客との契約で定める期限に合わせる（期限をご記入ください） / D) 未確定	修正期限が短いほど、時間外・休日に人を動かせる体制が必要になり、運用の人員計画が変わるためです。	A の「24 時間以内」は、後述 NFR-OPS-008 で「平日日中のみ」を選んだ場合、金曜夕方に見つかった脆弱性で期限を守れません。両者は必ずセットで決める必要があります。24 時間を守るなら時間外の呼び出し当番（＝人員追加）が前提になります。	
Q58	NFR-OPS-006b	④ 法令・運用体制・利用者番号	事業側 + アプリチーム	通常	緊急でない更新をまとめて当てる頻度	緊急でない更新（重要度が中〜低の修正）は、どの頻度でまとめて適用しますか。 選択肢: - A) 重要度「中」は 30 日以内 / 「低」は 90 日以内、適用は月 1 回・深夜 2〜4 時の作業枠で実施し 7 日前に事前通知 【弊社の推奨・現行の暫定値】（ADR-046 §C.3、Runbook RB-PLT-03） - B) 四半期に 1 回まとめて適用 - C) 未確定	A) 重要度「中」は 30 日以内 / 「低」は 90 日以内、適用は月 1 回・深夜 2〜4 時の作業枠で実施し 7 日前に事前通知 【弊社の推奨・現行の暫定値】（ADR-046 §C.3、Runbook RB-PLT-03） / B) 四半期に 1 回まとめて適用 / C) 未確定	作業枠の頻度と時間帯が、サービス停止の許容範囲と運用担当の勤務形態を決めるためです。	月 1 回・深夜作業を前提に運用体制と稼働率の目標値を組んでいます。頻度を落とすと 1 回あたりの変更量が増え、障害時の切り分けが難しくなります。深夜作業を避ける場合は、無停止で切り替える仕組みの作り込み（追加開発）が必要です。	
Q59	NFR-OPS-007a	④ 法令・運用体制・利用者番号	事業側 + アプリチーム	通常	設定変更の申請・承認の流れと所要日数	本基盤の設定を変更するとき（アプリの追加、顧客のログイン先の追加、動作設定の変更など）の申請・承認の流れと、変更完了までの所要日数はどうしますか。 選択肢: - A) すべての変更は設定をコードで管理する方式（変更内容をコードの変更として提出 → レビュー → 自動適用）に統一。管理画面からの直接変更は禁止し、顧客のログイン先追加のみ専用の受付窓口を通す 【弊社の推奨・現行の暫定値】（U9 §9.5、禁則 K-5） - B) 変更の種類ごとに承認者と日数を分ける（種類別の一覧をご記入ください） - C) 未確定	A) すべての変更は設定をコードで管理する方式（変更内容をコードの変更として提出 → レビュー → 自動適用）に統一。管理画面からの直接変更は禁止し、顧客のログイン先追加のみ専用の受付窓口を通す 【弊社の推奨・現行の暫定値】（U9 §9.5、禁則 K-5） / B) 変更の種類ごとに承認者と日数を分ける（種類別の一覧をご記入ください） / C) 未確定	本基盤はアプリとは別の管理単位に置かれるため、アプリ担当者から本基盤側への申請という手続きが必ず発生するためです。	A は「誰がいつ何を変えたか」が自動的に記録に残り、設定のずれを毎日自動検出できます。B の場合、変更の種類ごとの受付窓口・承認者・所要日数の一覧を作り、それぞれの手順書を用意する工数が追加されます。	C-306（変更管理プロセス）と同趣旨 — 二重に聞かない
Q60	NFR-OPS-007b	④ 法令・運用体制・利用者番号	事業側	通常	緊急時に手順を飛ばして変更する場合の扱い	障害時など、通常の申請・承認を待てない場合に手順を飛ばして直接変更することを認めますか。 選択肢: - A) 認める。ただし発動そのものをインシデントとして扱い、役員 2 名の承認と、事後にコードへ反映することを必須とする 【弊社の推奨・現行の暫定値】（U9 禁則 K-5、ADR-040 §C） - B) 認めない（緊急時も通常の承認を通す） - C) 未確定	A) 認める。ただし発動そのものをインシデントとして扱い、役員 2 名の承認と、事後にコードへ反映することを必須とする 【弊社の推奨・現行の暫定値】（U9 禁則 K-5、ADR-040 §C） / B) 認めない（緊急時も通常の承認を通す） / C) 未確定	緊急の抜け道を用意しないと障害が長引き、逆に条件を決めずに用意すると常用されて記録が追えなくなるためです。	A の場合、平日日中のみの体制（後述 NFR-OPS-008a のα段階）では、夜間の役員 2 名の承認が取れず初動が遅れる制約があります。この制約は顧客への説明が必要です。	B-PAM-2（緊急発動時の役員承認プロセスの顧客説明）と同趣旨 — 二重に聞かない
Q61	NFR-OPS-008b	④ 法令・運用体制・利用者番号	事業側	通常	基盤ベンダーの有償サポート契約の要否	基盤ソフトウェアやクラウドの提供元との有償サポート契約は、どの水準で結びますか。 選択肢: - A) 基盤ソフトウェアのサポートは利用料に含まれるため追加契約不要。クラウド側のサポート水準のみ別途決定 【弊社の推奨・現行の暫定値】（ADR-056 / 前提 P-01） - B) 上位のサポート契約を追加で結ぶ（対象と水準をご記入ください） - C) 未確定	A) 基盤ソフトウェアのサポートは利用料に含まれるため追加契約不要。クラウド側のサポート水準のみ別途決定 【弊社の推奨・現行の暫定値】（ADR-056 / 前提 P-01） / B) 上位のサポート契約を追加で結ぶ（対象と水準をご記入ください） / C) 未確定	自社で解決できない障害が起きたときに、提供元からどれだけ早く回答を得られるかが、対応時間の約束を守れるかどうかを左右するためです。	A は追加費用なし。B はサポート契約費用が年額で追加されます。なお 24 時間 365 日の対応を約束する場合（NFR-OPS-008a の B）、提供元側も 24 時間対応の契約になっていないと約束が守れないため、a の回答とセットで決める必要があります。	
Q62	P-08a	④ 法令・運用体制・利用者番号	事業側 + アプリチーム	通常	顧客が使っている独自の ID をそのまま使うか	顧客企業が現在使っている独自の ID（社員番号・学籍番号・技能者 ID など）を、本基盤でも利用者を指す番号として使いますか。 選択肢: - A) 3 層に分けて持つ：①基盤が発番する内部番号（変わらない・すべての記録の紐付けに使う）②顧客の独自 ID（画面表示・検索用、変更あり得る）③顧客のログインシステム側の番号（突き合わせ用） 【弊社の推奨・現行の暫定値】（前提 P-08、ADR-018） - B) 顧客の独自 ID をそのまま基盤の主番号として使う - C) メールアドレスを主番号として使う - D) 未確定	A) 3 層に分けて持つ：①基盤が発番する内部番号（変わらない・すべての記録の紐付けに使う）②顧客の独自 ID（画面表示・検索用、変更あり得る）③顧客のログインシステム側の番号（突き合わせ用） 【弊社の推奨・現行の暫定値】（前提 P-08、ADR-018） / B) 顧客の独自 ID をそのまま基盤の主番号として使う / C) メールアドレスを主番号として使う / D) 未確定	顧客の独自 ID を主番号にすると、顧客側で人事システムを入れ替えたときにすべての紐付けが壊れるため、その回避方法を先に決める必要があるためです。	A なら、顧客側の ID 体系変更・ログインシステムの乗り換えを、基盤側の作り直しなしで吸収できます。B/C は当面の作りは単純になりますが、将来の変更時に全データの移行作業が発生します。またメールアドレスを持たない利用者（工場・現場作業者など）がいる場合、C は成立しません。	B-IDM-2（顧客独自 ID の体系）/ B-IDM-3（不変性）/ B-IDM-4・B-IDM-5（ID の重複）と同趣旨 — 二重に聞かない
Q63	G-DPA-b	④ 法令・運用体制・利用者番号	事業側	通常	公表文書に書く「関係する外国の名称」の書き方	利用者向けの公表文書（個人情報保護方針など）に、関係する外国の名称をどう記載しますか。 選択肢: - A) 具体的な国名を列挙する（クラウド提供元の所在国＋保守要員の所在国の候補を列挙） - B) 保守要員の所在国は「特定できない旨＋その理由＋候補となる外国の名称」として記載する 【弊社の推奨・現行の暫定値】 — 保守が地球を回るシフト制で常時特定できないため（U7 D-U7-24） - C) 未確定（法務確認中）	A) 具体的な国名を列挙する（クラウド提供元の所在国＋保守要員の所在国の候補を列挙） / B) 保守要員の所在国は「特定できない旨＋その理由＋候補となる外国の名称」として記載する 【弊社の推奨・現行の暫定値】 — 保守が地球を回るシフト制で常時特定できないため（U7 D-U7-24） / C) 未確定（法務確認中）	データの保管場所が東京・大阪の国内のみであっても、この公表は必要と整理されているためです（国内に置いたデータに海外から関与する場合も対象）。	設計そのものへの影響はありませんが、公表文書の文面確定がリリース前の必須作業になります。なお、具体的な認証方式・多要素認証の中身・防御ルールの内容は公表しなくてよい（公表すると防御に支障が出るもの）と整理されており、「多要素認証を導入」程度の粒度で足ります。法令に関わる判断のため、最終確定は法務確認が前提です。	
Q64	G-DPA-c	④ 法令・運用体制・利用者番号	事業側	通常	顧客企業との「委託に関する取り決め」への記載事項	貴社の顧客企業と結ぶ契約に、本基盤の責任範囲と漏えい時の通知に関する条項を、どこまで明記しますか。 選択肢: - A) 契約書の本文に明記する：①責任分担表（どこまでが弊社責任か）②漏えい時に 3〜5 日以内に顧客へ通知する義務 ③顧客のログインシステム側で多要素認証を実施する責任 【弊社の推奨・現行の暫定値】（U7 §7.7.4） - B) 契約書には概要のみ記載し、詳細は別の説明サイトに掲載する - C) 未確定	A) 契約書の本文に明記する：①責任分担表（どこまでが弊社責任か）②漏えい時に 3〜5 日以内に顧客へ通知する義務 ③顧客のログインシステム側で多要素認証を実施する責任 【弊社の推奨・現行の暫定値】（U7 §7.7.4） / B) 契約書には概要のみ記載し、詳細は別の説明サイトに掲載する / C) 未確定	本基盤は各顧客企業から業務を任される立場にあたるため、漏えい時に顧客企業へ速やかに通知しないと、弊社と顧客の双方に報告義務が残るためです。	1000 社を超える顧客それぞれに 3〜5 日以内で個別通知する必要があるため、通知先の自動特定と一斉配信・受領記録のしくみを機能として作り込みます（Phase 1 の開発対象）。B（説明サイトのみ）では契約上の明示として不十分と整理されているため、A を推奨します。法令に関わる判断のため、最終確定は法務確認が前提です。	
Q65	NFR-COMP-005a	④ 法令・運用体制・利用者番号	事業側	後回し可	カード決済業界の規格への対応（確定内容の再確認）	「カード決済業界の規格（PCI DSS）への対応は不要」という 2026-07-30 のご判断は、現在も変わりありませんか。 選択肢: - A) 変わりない（対応不要のまま） 【弊社の推奨・現行の暫定値】（B-PCI-1、2026-07-30 確定） - B) 変わった（対応が必要になった。時期・対象範囲をご記入ください）	A) 変わりない（対応不要のまま） 【弊社の推奨・現行の暫定値】（B-PCI-1、2026-07-30 確定） / B) 変わった（対応が必要になった。時期・対象範囲をご記入ください）	この判断を前提に、関連する設計項目（不正な通信を遮断する装置の追加要件・特定の追加本人確認の必須化・監査の受審計画）をすでに対象外にしているためです。	A なら影響なし。B の場合、対象外にした項目の復活に加え、外部審査機関による監査の受審費用と、24 時間 365 日の運用体制（後述 NFR-OPS-008 のβ段階）が前提条件になるため、リリース時期と費用の再計画が必要です。	
Q66	NFR-COMP-006a	④ 法令・運用体制・利用者番号	事業側	後回し可	米国政府が認定した暗号方式（確定内容の再確認）	「米国政府が認定した暗号方式（FIPS）は不要」という 2026-07-30 のご判断は、現在も変わりありませんか。 選択肢: - A) 変わりない（不要のまま） 【弊社の推奨・現行の暫定値】（前提 P-03、C-201 回答済み） - B) 変わった（必要になった。求める相手・根拠をご記入ください）	A) 変わりない（不要のまま） 【弊社の推奨・現行の暫定値】（前提 P-03、C-201 回答済み） / B) 変わった（必要になった。求める相手・根拠をご記入ください）	この判断が「使う製品そのもの」を変える力を持つためです（必要な場合、認定対応版の製品構成に切り替える必要がある）。ただしすでに「不要」で確定しているため、本項目は確認です。	A なら影響なし。B の場合、暗号処理まわりの製品構成と設定を認定対応版に切り替えることになり、動作検証のやり直しと、性能・費用の再試算が必要です。	
Q67	NFR-COMP-009c / B-APPI-R8-1	④ 法令・運用体制・利用者番号	事業側	後回し可	2028 年ごろ施行見込みの法改正で、本基盤が「代行する立場」に該当するか	2026 年 7 月に公布された個人情報保護法の改正（施行は 2028 年ごろ見込み）で新設される「委託を受けた事業者への特例」に、本基盤が当てはまるかどうかを、いま法務で確認しますか。 選択肢: - A) いま確認する（当てはまれば、本人からの開示・削除請求への対応義務が大きく軽くなる可能性がある） - B) 細則が公表されてから確認する 【弊社の推奨・現行の暫定値】 — Phase 1 は現行法どおりの設計を維持（U7 D-U7-23） - C) 未確定	A) いま確認する（当てはまれば、本人からの開示・削除請求への対応義務が大きく軽くなる可能性がある） / B) 細則が公表されてから確認する 【弊社の推奨・現行の暫定値】 — Phase 1 は現行法どおりの設計を維持（U7 D-U7-23） / C) 未確定	この特例に乗れるかどうかで、開示・削除請求の対応をどこまで自前で持つかが変わるためです。ただし細則がまだ公表されていません。	どちらでも漏えい時の報告体制の設計は変わりません（その部分は特例の対象外）。変わるのは開示・削除請求の対応範囲のみです。なお本基盤はログイン先の自動振り分けや利用者の自動登録など自ら判断するしくみを持つため、特例に当てはまるかは微妙という整理です。法令に関わる判断のため、最終確定は法務確認が前提です。	
Q69	FR-FED-006	⑤ アプリチーム向け	アプリチーム	最優先	SAML でしか接続できないアプリの有無	現在または今後接続する予定のアプリの中に、SAML 2.0 でしか認証連携できないものはありますか。	A) ない（すべて OIDC で接続可能）【弊社の推奨・現行の暫定値】（前提 P-14: 新規 = OIDC / 既存 SP = SAML） / B) ある（アプリ名と本数をご記入ください） / C) 未確定	本基盤が SAML の発行側（IdP モード）として振る舞う必要があるかどうかが決まるためです。要件表では現在 TBD のまま残っています。ServiceNow は該当が確定していますが、それ以外の把握ができていません。	B の場合、アプリ 1 本ごとに SAML Client（署名証明書・NameID 形式・属性マッピング）の設計と実機検証が必要で、アプリ数に比例して工数が増えます。また SAML には API 呼び出しの認可を扱う標準がないため、アプリが API を提供する場合は OIDC の併用が必須になります。	B-APP-OIDC-2（既存アプリの移行方針）と同趣旨
Q70	P-09	⑤ アプリチーム向け	アプリチーム	最優先	通行証（アクセストークン）の有効期限	アクセストークンの有効期限 30 分、リフレッシュトークン 30 日（ローテーションあり・絶対上限 24 時間・無操作 1 時間で失効） で、アプリ側の実装に支障はありませんか。	A) 支障なし 【弊社の推奨・現行の暫定値（前提 P-09）】 / B) アクセストークンをもっと長くしてほしい（希望値と理由をご記入ください） / C) もっと短くしたい（希望値と理由をご記入ください） / D) 未確定	有効期限はアプリ側のリフレッシュ実装とユーザー体験（再ログインの頻度）を直接決めるためです。	B は失効の反映が遅れます（後述 Q71 のゾンビ時間が延びる）。C はリフレッシュ回数が増え、トークン発行 API の負荷と応答時間の目標（p99 < 200ms）に影響します。アプリ側でリフレッシュ処理を実装していない場合、30 分でセッションが切れたように見えるため、実装状況の確認もお願いします。	
Q71	FR-SSO-009	⑤ アプリチーム向け	アプリチーム	最優先	失効が反映されるまでの猶予（ゾンビ時間）の許容	利用者を無効化・退職処理した後も、すでに発行済みのアクセストークンは最大 30 分間そのまま使えます。この状態を許容できますか。	A) 許容する（30 分以内に失効すればよい）【弊社の推奨・現行の暫定値】 / B) 許容できない — 即時に遮断したい（対象アプリ名をご記入ください） / C) 未確定	アクセストークンはアプリ側で基盤に問い合わせずに検証する方式のため、発行後に基盤側で取り消しても、期限が切れるまでアプリは有効と判断します。これは構造上の性質で、設定では消せません。	A は追加開発なしです。B は次のいずれかが必要になります。① アプリが API 呼び出しごとに基盤へ有効性を問い合わせる（応答時間が伸び、基盤の負荷が増える）② 有効期限を大幅に短くする（Q70 の C。リフレッシュ回数が増える）③ 失効通知を受け取る仕組みを実装する（ADR-065 の継続アクセス方式。Phase 2 以降）。退職者の即時遮断が業務上必須のアプリがあるかどうかが判断の分かれ目です。	
Q72	FR-SSO-006 / FR-SSO-007	⑤ アプリチーム向け	アプリチーム	最優先	ログアウト通知の受け取り方式	利用者がログアウトしたとき、アプリ側でセッションを破棄するための通知をどの方式で受け取りますか。	A) Back-Channel Logout（サーバー同士の直接通知。`POST /backchannel-logout` を実装）【弊社の推奨・現行の暫定値】 / B) Front-Channel Logout（ブラウザ経由で各アプリへ通知） / C) 受け取らない（アプリ側のセッションは自然失効に任せる） / D) 未確定	方式によってアプリ側の実装内容と、ログアウトの確実性が変わるためです。	A は成功率 90% 以上ですが、アプリ 1 本あたりエンドポイントの実装（署名検証・`iss`・`aud`・`events` の確認、`nonce` が無いことの確認、`sid` でのセッション特定）が必要です。B は成功率 60〜80% にとどまり（ブラウザのサードパーティ Cookie 制限の影響）、弊社では採用しません。C は共用端末で「ログアウトしたつもりが別アプリに入れてしまう」取り残しが起きます。	Q27（事業側にログアウト範囲の方針を確認）/ Q28（サーバー処理を持たないアプリの有無）
Q73	FR-AUTHZ-003 / FR-AUTHZ-006	⑤ アプリチーム向け	アプリチーム	最優先	アプリが必要とする権限情報	アプリが認可判断に使う情報を、通行証（JWT）に載せるか、基盤の API に問い合わせるか、どちらにしますか。	A) API に問い合わせる（`/api/me/context` を呼ぶ。通行証には最小限の情報のみ）【弊社の推奨・現行の暫定値（前提 P-10）】 / B) 通行証にロール情報を載せる（`roles` クレーム） / C) 併用（アプリごとに選択） / D) 未確定	通行証に載せる情報が増えるほどサイズが膨らみ、権限変更が通行証の期限切れまで反映されません（最大 30 分）。一方 API 問い合わせは毎回の通信が発生します。	A は権限変更が即座に反映され、通行証に個人情報を載せずに済みます（応答目標 p99 < 300ms）。B は権限変更の反映が最大 30 分遅れます。C を選ぶ場合、アプリごとにどちらかを申請いただく運用になります。	
Q74	FR-AUTH-005	⑤ アプリチーム向け	アプリチーム	通常	アプリ間で通行証を引き継ぐ必要があるか	あるアプリが別のアプリの API を、利用者の代理として呼び出す場面はありますか（Token Exchange / RFC 8693）。	A) ない 【現行は未確定 — 要件表で TBD のまま】 / B) ある（呼び出し元と呼び出し先のアプリ名をご記入ください） / C) 未確定	この仕組みを使うと、アプリ A が受け取った通行証をアプリ B 向けの通行証に交換できます。使わない場合、アプリ B は「誰の代理か」を安全に知る手段がありません。	B の場合、交換を許可する組み合わせの設計（どのアプリがどのアプリの通行証を得られるか）と、その監査記録が追加で必要です。製品としては対応可能なので、追加の製品費用は発生しません。	
Q75	FR-AUTHZ-004	⑤ アプリチーム向け	アプリチーム	通常	ロールの階層（継承）が必要か	「管理者は一般利用者の権限もすべて持つ」のようなロールの継承関係を、基盤側で表現する必要がありますか。	A) 不要（アプリ側で判断する）【弊社の推奨・現行の暫定値】 / B) 必要（想定する階層をご記入ください） / C) 未確定	基盤側で階層を持つと権限設計が中央に集まりますが、アプリ固有の事情を吸収しにくくなります。	A はアプリ側の実装に委ねるため基盤の追加作業はありません。B の場合、階層の定義と、ADR-038 の 3 層スコープとの整合設計が追加になります。	
Q76	FR-USER-002	⑤ アプリチーム向け	アプリチーム	通常	アプリ固有の属性を基盤に持たせる必要があるか	アプリが必要とする利用者の情報のうち、基盤側で保持してほしい項目はありますか。	A) ない（アプリ側のデータベースで持つ）【弊社の推奨・現行の暫定値】 / B) ある（項目名と用途をご記入ください） / C) 未確定	基盤に置く情報が増えるほど個人情報の取扱い範囲が広がり、削除請求への対応も複雑になるためです。	A なら「宣言していない項目は保存しない」仕組みをそのまま維持できます。B の場合、項目の命名規約・申請審査の手続きが新設され、削除請求時にその項目も対象になります。	Q22（お客様固有の追加項目）
Q77	FR-INT-005	⑤ アプリチーム向け	アプリチーム	通常	基盤からアプリへの通知は必要か	利用者が作成・無効化・削除されたとき、基盤からアプリへ能動的に通知する必要はありますか。それともアプリ側が必要なときに取りに来る形でよいですか。	A) アプリが取りに来る（基盤は API を提供するのみ。通知は行わない）【弊社の推奨・現行の暫定値】 / B) 基盤から通知してほしい（対象イベントと対象アプリをご記入ください） / C) 未確定	通知の仕組み（Webhook）を作ると、配信の保証・再送・重複排除・失敗時の扱いまで含めて基盤側の作り込みが発生するためです。	A は追加開発なしです。B は Webhook 配信の仕組み（署名・冪等性・再送）の実装が必要で、加えてイベント量に比例した通信費用が発生します。特にログイン成功のような高頻度イベントを対象にすると費用が跳ね上がるため、対象は「作成・無効化・削除」のような低頻度のものに絞ることを推奨します。	
Q78	FR-USER-011	⑤ アプリチーム向け	アプリチーム	通常	利用者削除時にアプリ側のデータも消すか	基盤で利用者を削除したとき、アプリ側が保持している当該利用者のデータはどう扱いますか。	A) アプリ側で個別に判断・実施する（基盤は通知しない）【弊社の推奨・現行の暫定値】 / B) 基盤からの通知を受けてアプリ側で削除する（Q77 の B とセット） / C) 未確定	削除請求（本人からの申し出）を受けたとき、基盤側だけ消してもアプリ側に残っていると対応が完了しないためです。	A を選ぶ場合、削除請求のたびにアプリごとの手作業が発生します。アプリ数が多いと期限内の対応が難しくなります。基盤側は削除した利用者の内部番号を記録として残すため、アプリ側もその番号で自分のデータを特定できる設計（Q49 の番号統一）が前提になります。	B-RTBF-1（削除と記録保持の境界）と同趣旨
Q79	NFR-PERF-001	⑤ アプリチーム向け	アプリチーム	通常	認証の応答時間として許容できる値	ログイン処理の応答時間として、95% が 1 秒以内・99% が 2 秒以内で支障ありませんか。	A) 支障なし 【弊社の推奨・現行の暫定値】 / B) もっと速くしてほしい（希望値と、その根拠となる業務をご記入ください） / C) 未確定	目標値がサーバー台数と月額費用を決めるためです。	現行の内部目標はログイン処理 p99 < 500ms、通行証発行 p99 < 200ms で、要件値より厳しく設定しています。B の場合、余裕を持たせるための台数追加が必要になる可能性があります。なお顧客のログイン基盤側で時間がかかる分は本基盤の目標から除外します（責任分界）。	
Q80	NFR-PERF-002 / NFR-PERF-007	⑤ アプリチーム向け	アプリチーム	通常	同時利用の規模とピーク時間帯	アプリの利用パターンとして、同時ログインが集中する時間帯と、そのときの想定リクエスト数を教えてください。	A) 始業時（8:30〜9:30）に集中。平常時の N 倍（N をご記入ください）【弊社の現行の暫定値: 始業時に集中する想定】 / B) 特定の時間帯への集中はない（終日ほぼ均等） / C) 上記以外のパターン（内容をご記入ください） / D) 未確定	ピークの倍率が事前にサーバーを増やしておく設計の要否を決めるためです。要件表では現在 TBD のまま残っています。	集中が大きい場合、自動増減だけでは間に合わず（増える前にピークが来る）、時間帯に応じた事前増設の設計が追加になります。月額費用も増えます。	
Q81	B-LOG-1	⑤ アプリチーム向け	アプリチーム	通常	アプリ側のログに秘匿情報が出ていないか	アプリのログに、通行証・認可コード・パスワード・セッション識別子などがそのまま出力されていないか確認いただけますか。	A) 出力していない（マスキング実施済み）【あるべき状態】 / B) 出力している可能性がある（調査します） / C) 未確認	これらがログに残ると、ログの閲覧権限を持つ人が利用者になりすませるためです。基盤側は出力前にマスキングする仕組みを持っていますが、アプリ側のログは各アプリの責任範囲です。	設計への影響はありませんが、B・C の場合はリリース前の是正が必須です。是正方法（出力箇所の特定・マスキング処理の追加）は弊社から手順をご提供できます。	
Q82	P-11	⑤ アプリチーム向け	アプリチーム	通常	顧客のログイン基盤の結果をそのまま信頼してよいか（アプリ観点）	お客様企業のログイン基盤で認証された結果を、アプリ側でも追加確認なしに受け入れてよろしいですか。	A) 受け入れる（追加確認なし）【弊社の推奨・現行の暫定値（前提 P-11）】 / B) 特定のアプリ・操作でのみ追加の本人確認を求めたい（対象をご記入ください） / C) 未確定	追加確認を求める場合、どの操作で求めるかをアプリ側が指定する必要があるためです。	A は追加開発なしです。B の場合、アプリが「この操作には追加確認が必要」と基盤へ伝える実装（認可リクエストに `acr_values` を付ける）と、基盤側の判定設定が必要になります。対象操作の一覧は事前に確定が必要です。	Q26（事業側に方針を確認）
Q83	FR-SSO-010	⑤ アプリチーム向け	アプリチーム	後回し可	管理者による強制サインアウトの要否	管理者が特定の利用者の全セッションを強制的に破棄する機能は必要ですか。	A) 必要 【弊社の推奨・現行の暫定値】（インシデント対応で使う） / B) 不要 / C) 未確定	端末紛失や不正アクセスが疑われた際の初動手段になるためです。	A は製品標準機能で追加開発なしです。ただし破棄が反映されるのはリフレッシュ時点で、発行済みのアクセストークンは Q71 のとおり最大 30 分残ります。	
Q84	FR-SSO-008	⑤ アプリチーム向け	アプリチーム	後回し可	セッションのタイムアウト値	無操作が続いたときにログイン状態を切る時間として、1 時間で支障ありませんか（絶対上限は 24 時間）。	A) 支障なし 【弊社の推奨・現行の暫定値（前提 P-09）】 / B) 変更したい（希望値と理由をご記入ください） / C) 未確定	長時間の作業を伴うアプリでは、作業中に切れて入力内容を失う苦情につながるためです。	設定値の変更のみで費用・工数は動きません。長くするほど共用端末での放置リスクが上がります。	
Q85	NFR-PERF-006 / B-TENANT-ISO-1	⑥ 追加確認事項	事業側	最優先	お客様企業ごとの流量上限と、別環境へ分ける基準	(a) 1 社の利用が集中したときに他社へ影響が出ないよう、お客様企業ごとに 1 秒あたりの上限を設けます。ログイン処理の上限値をどうしますか。 ／ (b) どういう条件を満たしたお客様を、共有環境から切り離して別環境に移すことにしますか。	A) 弊社が規模に応じて自動で設定する（お客様ごとの契約人数から算出）【弊社の推奨・現行の暫定値】 / B) 契約ごとに個別に取り決める（大口のお客様のみ引き上げ） / C) 上限を設けない / D) 未確定 / A) 利用規模が一定を超えた場合と、規制業種で物理的な分離を求められた場合の 2 条件 【弊社の推奨・現行の暫定値】 / B) 契約金額で判断する / C) 切り離しは行わない（全社共有のまま） / D) 未確定	本サービスは全社を 1 つの環境に収容する設計で、設備が自動的に分かれるわけではありません。上限を設けないと 1 社の急増が全社のログインを止め得ます。また「うちだけ別にしてほしい」というご要望が出たときの判断基準を先に決めておかないと、都度交渉になります。	上限は設定値のみで追加費用はかかりません（利用者管理・自動同期の API は 1 秒あたり 10 件で設定済み）。C を選ぶと 1 社起因の輻輳を止める手段が無くなります。(b) で切り離しを行う場合、その 1 社分の設備一式が別途必要になり月額費用が発生します。この基準は契約書に明記する前提です。	Q01（利用者数の上限）
Q86	B-401-2	⑥ 追加確認事項	事業側 + アプリチーム	最優先	自動登録された利用者に、最初どの権限を与えるか	お客様のログイン基盤から初めてログインしてきた人を自動登録するとき、その人に最初どの権限を与えますか。	A) 何も与えない（明示的に権限を付けるまで、どのアプリも使えない）【弊社の推奨・業界標準】 / B) 全員に共通の基本権限を与える（ログインすれば最低限の画面は見られる） / C) お客様企業ごとに指定していただく / D) 未確定	自動登録は人手の確認を挟まずに利用者が増える仕組みです。初期権限を広めに設定すると、退職者の情報が古いまま残っているお客様の場合、本来アクセスできないはずの人が入れてしまいます。	A は最も安全ですが、登録直後は何もできないため「ログインできたのに使えない」という問い合わせが発生します（権限が付くまでの案内画面を用意します）。B は利用開始がスムーズな代わり、上記のリスクを受け入れることになります。C はお客様ごとの設定項目が増え、設定ミスの余地が生まれます。この設定は自動登録・自動同期・一括登録のすべてに共通で適用します（登録の経路によって変えません）。	`B-401-2`（Git のヒアリング一覧にあり、Excel には行が無い新規登録が必要な項目）
Q87	B-GD-1	⑥ 追加確認事項	事業側 + アプリチーム	通常	お客様側の署名鍵が入れ替わるときの事前連絡	お客様企業のログイン基盤が署名に使う鍵を入れ替えるとき、事前にご連絡いただく取り決めを契約に入れますか。	A) 入れる（入れ替えの 2 週間前までにご連絡いただく）【弊社の推奨・現行の暫定値】 / B) 入れない（弊社側で自動追従できる範囲で対応する） / C) 未確定	鍵が予告なく入れ替わると、そのお客様の全利用者が突然ログインできなくなります。1000 社規模では、事前連絡が無いと原因の切り分けだけで時間を要します。	A の場合、契約書に連絡義務を入れ、連絡窓口を決めていただく必要があります。B の場合、弊社側で自動的に新しい鍵を取りに行く仕組みが要りますが、その機能が製品に存在するかを実機で確認中です（存在しない場合は運用での代替になります）。なお予告のない鍵の入れ替えは、なりすましの兆候とも区別がつかないため、検知して通報する仕組みは A・B いずれでも入れます。	1000 社規模の証明書更新運用（00a `A-9` の実機確認結果に依存）
Q88	NFR-SEC-010-2	⑥ 追加確認事項	事業側	通常	漏えい済みパスワードの照合	利用者がパスワードを設定するとき、過去に世の中へ流出したパスワードでないか照合して、該当したら拒否する機能を入れますか。	A) 入れる（外部の照合サービスを利用）【弊社の推奨】 / B) 入れない（文字数と文字種のルールのみで判定）【現行の暫定値 — 要件表では未確定】 / C) 未確定	流出したパスワードの使い回しは、総当たり攻撃より成功率が高い攻撃経路です。公的なガイドラインでも照合が推奨されています。	A の場合、外部サービスへの問い合わせが発生します（パスワードそのものは送らず、ハッシュの先頭だけを送る方式のため漏えいリスクはありません）。導入費用は小さいものの、外部への通信が発生する点は、海外送信の観点で法務確認の対象になり得ます。B は追加費用ゼロですが、使い回しを防げません。この機能が効くのは、お客様側にログインの仕組みが無くパスワードを弊社でお預かりする利用者のみです。	
Q89	FR-ADMIN-008	⑥ 追加確認事項	事業側	通常	設定変更の履歴をお客様に見せるか	「誰がいつ、どの設定を変更したか」の履歴を、お客様企業の管理者が自分で閲覧できるようにしますか。	A) 自社に関する変更のみ閲覧できる（他社の変更は見えない）【弊社の推奨・現行の暫定値】 / B) 閲覧できない（ご要望があれば弊社が抽出してお渡しする） / C) 未確定	監査を受けるお客様は「自社の設定が勝手に変えられていないこと」を自分で確認したいという要求を持つためです。	A の場合、他社の記録が混ざらないよう絞り込む仕組みが管理画面に必要です（記録自体はすでに取得しています）。B は追加開発ゼロですが、依頼のたびに弊社の運用作業が発生します。	Q54（記録を残す期間）
Q90	FR-ADMIN-010	⑥ 追加確認事項	事業側	通常	管理者の権限をどこまで細かく分けるか	お客様企業の管理者の権限を、役割ごとに細かく分ける必要はありますか（例: 利用者の追加はできるが削除はできない）。	A) 3 段階で分ける（弊社の運用者 / お客様の管理者 / 参照のみ）【弊社の推奨・現行の暫定値】 / B) もっと細かく分けたい（必要な役割の一覧をご記入ください） / C) 分けない（管理者は全操作可能） / D) 未確定	分け方が細かいほど安全ですが、管理画面の作り込みと設定作業が増えます。	A は設計済みの構成で追加開発なしです。B は役割の数だけ画面の出し分けと権限判定が増え、開発工数が積み上がります。C は「管理者が誤って全利用者を削除する」事故を防げません。	Q23 / `B-TAP-1`（管理画面の必要性）
Q91	B-AUTHZLOG-1	⑥ 追加確認事項	事業側	通常	監査人が求める「許可・拒否の記録」の細かさ	監査を受ける際、「誰がどの操作を許可されたか・拒否されたか」の記録として、どこまでの細かさを求められる見込みですか。	A) 拒否は全件、重要な操作の許可は全件、通常の閲覧はまとめて記録 【弊社の推奨・現行の暫定値】 / B) すべての操作を 1 件ずつ記録 / C) 記録は不要（誰がログインしたかの記録だけで足りる） / D) 未確定	すべてを 1 件ずつ残すと記録の量が膨大になり保管費用が跳ね上がるため、どこまで必要かを先に決める必要があるためです。	A は方式を決定済みで追加開発なしです。B は記録量が数十倍になり、保管費用と検索性能に影響します。C を選んでも、後から必要になったときに過去に遡って記録を作ることはできません。	
Q92	B-KMS-3	⑥ 追加確認事項	事業側	通常	お客様ごとに専用の暗号鍵を用意するか	データの暗号化に使う鍵を、お客様企業ごとに別々に用意する必要はありますか。	A) 不要（本サービス全体で共通の鍵を使う。鍵は AWS の鍵管理サービスで保護）【弊社の推奨・現行の暫定値】 / B) 必要（対象となるお客様と、その理由をご記入ください） / C) 未確定	金融・医療など一部の規制業種で「自社のデータは自社専用の鍵で暗号化されていること」を求められる場合があるためです。	A は追加費用なしです。B の場合、お客様数に比例して鍵の管理費用が発生し（1 鍵あたり月額数ドル）、鍵の入れ替え作業もお客様数ぶん増えます。加えて、お客様ごとに鍵を分けるとデータの持ち方そのものを分ける必要が出る場合があり、Q85 の別環境への切り離しと連動します。	
Q93	NFR-SEC-013	⑥ 追加確認事項	事業側	通常	疑似的な攻撃による安全性検査	外部の専門業者による疑似的な攻撃の検査を、どの頻度で実施しますか。	A) リリース前に 1 回 + 以降は年 1 回 【弊社の推奨】 / B) リリース前に 1 回のみ（以降は大きな変更時） / C) 年 2 回以上（頻度をご記入ください） / D) 実施しない / E) 未確定	実施費用が年額で継続的に発生し、お客様から検査の報告書を求められた際の提出可否にも関わるためです。	1 回あたり外部業者への委託費用が発生します（金額は範囲によります）。検査対象にインターネットの出入口を含める場合、そこは他組織の管理下にあるため、実施には他組織の事前承諾が必要です。D を選ぶと、監査や大口のお客様との契約時に不利になる可能性があります。	
Q94	NFR-OPS-009	⑥ 追加確認事項	事業側	後回し可	運用にかかる人手の想定	本サービスの運用に必要な人手を、どの規模で見込みますか。	A) 運用者 10 名体制（リード 3 名 + 各系統の担当 + 緊急時の鍵管理者 2 名）【弊社の推奨・現行の暫定値】 / B) これより小さい規模で始めたい（想定人数をご記入ください） / C) 未確定	人数がQ48（障害対応の受付時間帯）と直結し、24 時間 365 日対応を約束できるかどうかを決めるためです。	Q48 で「リリース時点から 24 時間 365 日」を選ぶ場合、10 名が揃っていることが前提になります。B の場合、対応時間帯を平日日中に限定するか、一部の運用を自動化する追加開発でカバーすることになります。	Q48
