系統	機能グループ	機能名	機能ID	概要	基盤	アプリ	行数	人日	うち対象
認証	ログイン振り分け（HRD）	顧客IdPの自動振り分け	F-AUTH-02	ログイン画面で入力された ID から、その人がどの顧客IdPのユーザかを判定し、自動で振り分ける	○	-	2	3	3
認証	ログイン振り分け（HRD）	振り分け失敗時のパスワード入力への切替	F-AUTH-03	顧客IdPを判定できなかったときに、パスワード入力欄に切り替えて処理を続ける逃げ道	○	-	1	0.5	0.5
認証	ログイン振り分け（HRD）	顧客IdPの選択（1 顧客に複数）	F-AUTH-04	1 つの顧客に顧客IdPが複数ある場合に、ユーザにどれを使うか選ばせる	○	-	1	0.5	0.5
認証	フェデレーションログイン	顧客IdPへのログイン委譲（OIDC）	F-AUTH-05	顧客が持つ認証システムに OIDC で認証を委ね、その結果を受け取ってログインさせる	○	-	9	15.5	13.5
認証	フェデレーションログイン	顧客IdPへのログイン委譲（SAML）	F-AUTH-06	顧客が持つ認証システムに SAML で認証を委ね、その結果を受け取ってログインさせる	○	-	3	6.5	4.5
認証	フェデレーションログイン	初回ログイン時のユーザ自動作成（JIT）	F-PROV-01	顧客IdP経由で初めてログインした人を、その場で Keycloak-Broker のユーザとして作成する	○	-	1	1	1
認証	フェデレーションログイン	ログイン時の属性更新	F-PROV-02	2 回目以降のログインで、顧客側の最新情報を使って属性を更新する	○	-	1	0.5	0.5
認証	フェデレーションログイン	初回ログイン時の権限側への識別子連携	F-PROV-14	初めてログインした人の識別子を、権限を管理する側へ知らせる	-	○	0	0	0
認証	フェデレーションログイン	初回ログイン時の権限側の受け皿作成	F-PROV-15	権限管理側に、まだ権限が設定されていないユーザの受け皿となる行を作る	-	○	0	0	0
認証	フェデレーションログイン	Keycloak-Broker と Keycloak-IdP の連携	F-AUTH-09	Keycloak-Broker から見て Keycloak-IdP を顧客IdP の 1 つ（共有エントリ）として接続する。識別子の引き継ぎ・追加認証結果の取り込み・ログアウト連鎖・セッション上限の同値を含む。Keycloak-IdP 側の Client・Realm 設定は要求仕様としてアプリチームへ渡す（2026-09-07 復活: 2 台構成に戻したため）	○	△	3	4.5	4.5
認証	ローカルログイン（Keycloak-IdP 収容）	Keycloak-IdP 収容ユーザのログイン	F-AUTH-01	顧客側に認証システムが無い顧客のユーザが Keycloak-IdP に、本基盤の運用者が Keycloak-Broker に、ID とパスワードで直接ログインする。顧客のユーザ分は Keycloak-IdP 側（アプリ責務）、運用者分は本基盤	○	△	2	2.5	0.5
認証	ローカルログイン（Keycloak-IdP 収容）	Keycloak-IdP 側の引き渡しと責任分界	F-AUTH-29	Keycloak-IdP 用の基盤（ROSA）をどこまで作って渡すか、渡した後の非機能（可用性・復旧・監視・更新・鍵・ログ）を誰が持つか。本基盤は ROSA の引き渡しまで、以降はアプリ責務	○	△	2	3	3
認証	多要素認証	追加認証（数字コード）	F-AUTH-10	スマートフォンアプリで生成する 6 桁の数字による追加認証	○	-	1	0.5	0
認証	多要素認証	追加認証（生体・セキュリティキー）	F-AUTH-11	端末の生体認証やセキュリティキーを使った追加認証。Keycloak-Broker の推奨方式	○	-	0	0	0
認証	多要素認証	追加認証の登録（数字コード）	F-AUTH-12	スマートフォンアプリの追加認証を初めて登録する流れ	○	-	1	0.5	0
認証	多要素認証	追加認証の登録（生体・セキュリティキー）	F-AUTH-13	生体認証やセキュリティキーを初めて登録する流れ	○	-	0	0	0
認証	多要素認証	2 台目の認証器登録時の本人再確認	F-AUTH-14	2 台目以降の認証器を登録するとき、すでに持っている認証器で本人確認してから登録させる	○	-	0	0	0
認証	多要素認証	追加認証の解除（管理者）	F-ADM-09	管理者がユーザの追加認証の登録を解除する。端末紛失時の復旧に使う	△	△	0	0	0
認証	多要素認証	重要操作時の追加認証	F-AUTH-17	重要な操作の直前に追加の認証を求める。ステップアップ認証は不要と決定したため対象外	○	-	0	0	0
認証	パスワード・アカウント復旧	パスワードの自己再設定	F-AUTH-18	ユーザが自分でパスワードを再設定する	○	-	0	0	0
認証	パスワード・アカウント復旧	パスワード変更・初回強制変更	F-AUTH-19	パスワードの変更と、初回ログイン時に変更を強制する動き	○	-	0	0	0
認証	パスワード・アカウント復旧	パスワード初期化（管理者）	F-ADM-07	管理者がユーザのパスワードを初期化する	△	△	0	0	0
認証	パスワード・アカウント復旧	復旧用コードの発行・利用	F-AUTH-15	端末を失くしたときに使う一度きりのコードを発行し、利用させる	○	-	0	0	0
認証	パスワード・アカウント復旧	メールを持たない人の復旧	F-AUTH-16	メールアドレスを持たないユーザが端末を失くした場合の復旧手段。管理者の承認を経て復旧する	○	-	0	0	0
認証	不正アクセス対策	連続失敗時の一時締め出し	F-AUTH-20	パスワードの連続失敗を検知して一時的に受け付けなくする	○	-	0	0	0
認証	不正アクセス対策	ユーザの存在推測の防止	F-AUTH-21	その ID が実在するかが応答の違いから分からないようにする。1 件ずつ試して実在者を割り出されるのを防ぐ	○	-	1	1	1
認証	不正アクセス対策	流出パスワードの使用拒否	F-AUTH-22	入力されたパスワードが過去に流出したものでないかを確認し、該当する場合は使わせない	○	-	0	0	0
認証	セッション・ログアウト	ログイン状態の保持とタイムアウト	F-AUTH-23	ログイン状態をどこにどれだけ保つか、いつ切れるか。アプリ側のセッションとの関係を含む	○	-	3	5	5
認証	セッション・ログアウト	アプリへのログアウト連携	F-AUTH-24	1 箇所でログアウトしたとき、他のアプリのログイン状態も切る仕組み	○	-	2	4	4
認証	セッション・ログアウト	強制ログアウト（管理者）	F-ADM-10	管理者がユーザのログイン状態を強制的に終了させる。個別・顧客単位・全体の 3 段階	△	△	0	0	0
認証	ログイン画面・エラー画面	ログイン画面の表示（ブランド・並び順）	F-AUTH-25	ログイン画面の見せ方。ブランドごとの表示切替と、顧客IdPの並び順	○	-	1	1	1
認証	ログイン画面・エラー画面	エラー・案内画面（Keycloak-Broker）	F-AUTH-26	Keycloak-Brokerが出すエラー・案内の画面。ログインや振り分けに失敗したときの文言と誘導	○	-	1	1	1
認証	ログイン画面・エラー画面	エラー・案内画面（アプリ）	F-AUTH-27	アプリ側が出す案内画面。権限が無い（403）ときの Sorry 画面への誘導規約	○	-	0	0	0
認証	同意管理	利用規約への同意取得と記録	F-AUTH-28	利用規約などへの同意を画面で取り、いつ誰がどの版に同意したかを記録する。要否は顧客回答待ち（D-22）	△	△	1	0.5	0.5
ユーザ管理	ユーザ登録（顧客システム連携・SCIM）	SCIM 受信: ユーザの登録	F-PROV-03	顧客の人事システムや IdP から SCIM でユーザの新規登録を受け取る	○	-	2	4	4
ユーザ管理	ユーザ登録（顧客システム連携・SCIM）	SCIM 受信: ユーザの更新	F-PROV-04	SCIM で顧客側からのユーザ情報の変更を受け取って反映する	○	-	1	0.75	0.75
ユーザ管理	ユーザ登録（顧客システム連携・SCIM）	SCIM 受信: 削除通知（無効化へ読み替え）	F-PROV-05	SCIM で顧客側からの削除通知を受け取り、基盤側では消さずに使えない状態にする	○	-	1	1	1
ユーザ管理	ユーザ登録（顧客システム連携・SCIM）	SCIM 受信: ユーザの検索	F-PROV-06	SCIM で顧客側からユーザを検索・絞り込みで問い合わせられるようにする	○	-	1	0.5	0.5
ユーザ管理	ユーザ登録（顧客システム連携・SCIM）	SCIM 受信: グループ連携	F-PROV-07	SCIM で顧客側のグループ情報を受け取る。初期リリースでは対象外	○	-	1	0.5	0.5
ユーザ管理	ユーザ属性の統一	項目名の変換・統一	F-PROV-08	顧客ごとにバラバラな項目名を基盤内の統一名に変換して取り込む。統一名の辞書と 顧客IdPごとの変換表を含む	○	-	2	3	3
ユーザ管理	ユーザ属性の統一	登録経路の区分判定	F-PROV-09	そのユーザがどの経路（JIT / SCIM / 管理画面 / アプリ API / 運用者 / 移行）で登録されたかを区別する	△	△	1	0.75	0.75
ユーザ管理	ユーザの停止・再開・消去	ユーザの停止（消さずに無効化）	F-PROV-10	ユーザを削除せず使えない状態にし、停止日時を記録する	○	-	1	0.75	0.75
ユーザ管理	ユーザの停止・再開・消去	停止済みユーザの再開	F-PROV-11	一度止めたユーザを再び使えるようにする。誤って復活させない条件を含む	○	-	1	0.75	0.75
ユーザ管理	ユーザの停止・再開・消去	長期未使用者の自動停止	F-BAT-01	長期間（90 日）ログインのないユーザを自動で使えない状態にする定期処理。顧客IdP 経由で自動作成したユーザのみが対象で、Keycloak-IdP 収容ユーザと顧客システム連携ユーザは対象外	○	-	1	1	1
ユーザ管理	ユーザの停止・再開・消去	保存期限切れデータの消去	F-BAT-09	保存期限を過ぎたデータを実際に消去する。初期リリースでは準備のみ	○	-	1	1.5	1.5
ユーザ管理	ユーザの停止・再開・消去	停止の確実な伝播	F-PROV-12	片方で止めた事実をもう一方へ必ず伝える。2026-09-07 決定: 伝播しない。Keycloak-IdP 側で止めた後の残存は Keycloak-Broker のセッション上限（12 時間）で受容する	○	-	0	0	0
ユーザ管理	ユーザの停止・再開・消去	再開の確実な伝播	F-PROV-13	再開も止めたときと同じ経路で伝える。2026-09-07 決定: 伝播しない。Keycloak-IdP 側で止めた後の残存は Keycloak-Broker のセッション上限（12 時間）で受容する	○	-	0	0	0
ユーザ管理	ユーザ管理（管理画面・API）	ユーザの検索・一覧	F-ADM-01	管理者が自分の顧客のユーザを検索・一覧表示する	△	△	0	0	0
ユーザ管理	ユーザ管理（管理画面・API）	ユーザの詳細参照	F-ADM-02	ユーザ 1 人の詳細情報を表示する	△	△	0	0	0
ユーザ管理	ユーザ管理（管理画面・API）	ユーザの登録	F-ADM-03	管理者がユーザを新規に登録する	△	△	0	0	0
ユーザ管理	ユーザ管理（管理画面・API）	ユーザの変更	F-ADM-04	管理者がユーザの情報を変更する	△	△	0	0	0
ユーザ管理	ユーザ管理（管理画面・API）	ユーザの利用可否の切替	F-ADM-05	管理者がユーザを一時的に使えなくする／戻す	△	△	0	0	0
ユーザ管理	ユーザ管理（管理画面・API）	ユーザの削除	F-ADM-06	管理者がユーザを削除する。実際には消さずに使えない状態にする	△	△	0	0	0
ユーザ管理	ユーザ管理（管理画面・API）	ユーザの招待	F-ADM-08	新しいユーザに招待を送り、本人に初期設定させる	△	△	0	0	0
ユーザ管理	ユーザ管理（管理画面・API）	ユーザの一括登録	F-ADM-20	ユーザをまとめて登録するためのファイル取り込み	△	△	0	0	0
ユーザ管理	ユーザ管理（管理画面・API）	一覧・記録のファイル出力	F-ADM-21	ユーザ一覧や操作記録をファイルとして出力する	△	△	0	0	0
ユーザ管理	顧客・組織管理	顧客の作成	F-ADM-14	新しい顧客を作成する	○	-	1	1	1
ユーザ管理	顧客・組織管理	顧客設定の編集	F-ADM-15	顧客ごとの設定（ログイン方式の切り替えなど）を編集する	△	△	0	0	0
ユーザ管理	顧客・組織管理	組織情報の編集	F-ADM-13	ユーザが所属する組織の情報を編集する	△	△	0	0	0
ユーザ管理	顧客・組織管理	顧客の解約	F-ADM-23	顧客がサービスから離脱するときのデータの扱いと停止の段取り	○	-	1	1	1
ユーザ管理	顧客IdP管理	顧客IdPの接続登録	F-ADM-16	顧客IdPを基盤に接続する登録作業	△	△	1	2	2
ユーザ管理	顧客IdP管理	接続設定の変更・証明書更新	F-ADM-17	接続済みの認証システムの設定変更と、期限が来る証明書の入れ替え	○	-	1	3	3
ユーザ管理	顧客IdP管理	接続情報の自動追随	F-INT-11	顧客IdPの接続情報を定期的に取り直し、証明書の入れ替えに自動追随する	○	-	1	1	1
権限・認可	権限管理	使えるアプリの設定	F-ADM-11	どのユーザにどのアプリを使わせるかを設定する	-	○	0	0	0
権限・認可	権限管理	アプリ内の役割の設定	F-ADM-12	アプリごとの役割（ロール）をユーザに割り当てる	-	○	0	0	0
権限・認可	権限管理	権限の棚卸し	F-ADM-19	付与済みの権限が今も妥当かを定期的に確認させる	-	○	0	0	0
権限・認可	権限管理	権限棚卸しの定期起動	F-BAT-08	権限の棚卸しを定期的に開始する処理	-	○	0	0	0
権限・認可	権限管理	顧客番号と基盤識別子の対応づけ	F-PROV-16	顧客側のユーザ番号と基盤側の識別子を対応づけて管理する	-	○	2	3	3
権限・認可	権限管理	参照用データの更新	F-PROV-17	アプリが 1 回の問い合わせで必要な情報を得られるよう、複数の情報源をまとめた参照用データを最新に保つ	-	○	0	0	0
権限・認可	認可・権限判定	アプリ利用可否の判定	F-AZ-03	ユーザがそのアプリを使ってよいかを判定する	-	○	0	0	0
権限・認可	認可・権限判定	アプリ内の役割の解決	F-AZ-04	アプリごとの役割の値を解決して返す	-	○	0	0	0
権限・認可	認可・権限判定	権限情報の一括取得	F-AZ-01	アプリが「このユーザは何ができるか」を 1 回の問い合わせで取得できるようにする	-	○	0	0	0
権限・認可	認可・権限判定	使えるアプリ一覧の取得（ログイン後の着地）	F-AZ-02	ログイン後の入口画面に表示する「使えるアプリの一覧」を返す	△	△	0	0	0
権限・認可	認可・権限判定	JWT に載せる項目の定義	F-AZ-10	アプリへ渡すJWT に何を載せるか。要求できる範囲（スコープ）とクレームの辞書を含む	○	-	3	4	4
権限・認可	認可・権限判定	顧客越境の防止（Keycloak-Broker 側）	F-AZ-05	ユーザが自分の顧客以外の顧客IdPを使ってログインできないようにする。権限データ側の越境防止はアプリの責務	△	△	1	0.5	0.5
権限・認可	認可・権限判定	管理操作の 3 段階権限確認	F-AZ-06	管理画面の操作について、顧客・役割・対象の 3 つの観点で権限を確認する	○	-	1	1	0
権限・認可	JWT の発行・交換	システム間 JWT の発行	F-AZ-07	アプリやバッチがシステムとして API を呼ぶための資格を発行する	○	-	1	1.5	1.5
権限・認可	JWT の発行・交換	JWT の交換	F-AZ-08	あるアプリ向けの資格を、別のアプリ向けに交換する	○	-	0	0	0
連携	アプリ・外部連携	アプリの接続登録（クライアント登録）	F-INT-13	新しいアプリを Keycloak-Broker に接続するときの登録内容・申請の流れ・接続情報の渡し方	○	-	1	1	1
連携	アプリ・外部連携	管理 API の内部公開（idm-api 向け）	F-INT-14	アプリ側の管理 API（idm-api）が Keycloak-Broker の管理 API を呼ぶための内部経路と、呼び出し元の資格・許す操作の範囲。ユーザの停止・全セッション破棄など管理画面からの操作はここを通る	○	△	1	2	2
連携	アプリ・外部連携	アプリへの変更通知（Webhook）	F-INT-04	ユーザの変更をアプリ側へ通知する。届かなかった場合の再送を含む	△	△	0	0	0
連携	アプリ・外部連携	状態変化の即時通知（CAEP）	F-INT-12	ユーザの状態変化をアプリ側へ即時に伝える新方式。初期リリースでは対象外	○	-	0	0	0
連携	アプリ・外部連携	通知メールの送信	F-INT-07	招待・パスワード再設定・注意喚起などのメールを送る	○	-	0	0	0
連携	業務システム連携（ServiceNow）	業務システムへの認証提供	F-INT-01	業務システムに対して、Keycloak-Broker が認証の提供元として振る舞う	○	-	3	7	7
連携	業務システム連携（ServiceNow）	業務システム側のユーザ自動作成	F-INT-02	業務システム側で、初回ログイン時にユーザを自動作成させる	○	-	1	2	2
連携	業務システム連携（ServiceNow）	業務システムから他アプリへの連携	F-INT-03	業務システムにログインした状態から、他のアプリの API を呼べるようにする	○	-	1	1	1
運用機能	監査・記録	操作記録の照会	F-ADM-18	管理操作やログイン、権限判定の記録を検索・閲覧する。長期保管と中央集約を含む	△	△	0	0	0
運用機能	監査・記録	監査ログの取得・保管方式	F-ADM-25	何を記録に残し、どの項目を何年保つか。長期保管領域と、他組織の監査アカウントへの集約を含む	△	△	4	5	2
運用機能	監査・記録	システム用アカウントの台帳管理	F-ADM-22	人ではないシステム用のアカウントを台帳で管理し、管理者不在のものを検出する	○	-	0	0	0
運用機能	監査・記録	本人からの開示・削除請求への対応	F-ADM-24	本人から求められたときに、保有する個人データを開示し、または削除する	○	-	1	1	1
運用機能	鍵・証明書管理	署名鍵の定期入れ替え	F-BAT-04	JWT の署名に使う鍵を定期的に入れ替える。切り替え中も止めないための並走期間を含む	○	-	2	2.5	2.5
運用機能	鍵・証明書管理	接続用パスワードの定期入れ替え	F-BAT-05	アプリごとの接続用パスワードを定期的に入れ替える	○	-	1	0.5	0.5
運用機能	鍵・証明書管理	証明書期限の監視	F-BAT-07	証明書の期限切れが近いものを検出して通知する	○	-	1	0.5	0.5
運用機能	データ整合・突合	日次の整合突合	F-BAT-03	システム間の情報のずれを 1 日 1 回突き合わせる	○	-	0	0	0
運用機能	データ整合・突合	停止伝播の突合（短間隔）	F-BAT-02	止めた事実が確実に伝わったかを短い間隔で突き合わせる。2026-09-07 決定: 伝播しない。Keycloak-IdP 側で止めた後の残存は Keycloak-Broker のセッション上限（12 時間）で受容する	○	-	0	0	0
運用機能	監視・検知	不正兆候の検知	F-INT-08	不正なログインの兆候を検知して通知する	○	-	1	1	1
運用機能	監視・検知	擬似ログインによる障害検知	F-INT-09	本物のユーザを模した定期的なログイン試行で、障害をユーザより先に見つける	○	-	0	0	0
非機能	非機能: システム構成	全体構成（論理・物理）	NF-ARC-01	システム全体の構成を論理・物理の両面で示す図と、その清書	○	-	1	2	2
非機能	非機能: システム構成	ネットワーク構成	NF-ARC-02	ネットワークの区画・経路・IP アドレス範囲。他組織が管理する境界との接続を含む	○	-	2	4	4
非機能	非機能: システム構成	クラスタ構成	NF-ARC-03	Keycloak-Brokerを動かすクラスタのノード構成・配置制約・自動増減と、ベンダー保守との責任分界	○	-	2	2	2
非機能	非機能: システム構成	Realm・ブランド区画構成	NF-ARC-04	Keycloak-Brokerを何個の区画に分けるか。ブランドごとの分け方と発行元の規律	○	-	1	4	4
非機能	非機能: システム構成	環境構成（本番 / stg / dev）	NF-ARC-05	環境ごとの構成の差分と、どこまで揃えるか	○	-	1	1	1
非機能	非機能: システム構成	他組織との構成調整	NF-ARC-06	インターネット境界を管理する他組織との要求事項のやり取りと合意	○	-	1	1.5	1.5
非機能	非機能: システム構成	データベース設計（Keycloak-Broker）	NF-ARC-07	Keycloak-Brokerが使うデータベースの構成・触ってよい範囲・索引と分割の方針。Keycloak-Broker 側のみを対象とし、IdP 側はアプリチームの範囲	○	-	3	3	3
非機能	非機能: 性能・拡張性	性能目標・チューニング方針	NF-PRF-01	応答時間と処理量の目標、処理方式、チューニングの考え方	○	-	1	4	4
非機能	非機能: 性能・拡張性	キャパシティ・データ量見積	NF-PRF-02	テーブル別のデータ量・増加率・5 年後の見込みと、その前提の根拠	○	-	3	6.5	6.5
非機能	非機能: 性能・拡張性	同時実行・上限値の設定	NF-PRF-03	同時に受け付ける数の上限や、重い処理が他を止めないための設定	○	-	3	3	3
非機能	非機能: 性能・拡張性	性能試験の計画	NF-PRF-04	どの経路をどれだけの負荷で測るかの計画	○	-	1	4	4
非機能	非機能: 可用性・災害対策	災害対策（別地域への切替）	NF-AVL-01	地域全体が使えなくなったときの切替。Phase 1 では対象外	○	-	7	11.5	11.5
非機能	非機能: 可用性・災害対策	バックアップ・復元	NF-AVL-02	誤操作やデータの壊れからの復元手順。同一地域内で行う	○	-	1	2	2
非機能	非機能: 可用性・災害対策	稼働率・復旧目標（SLA / SLO）	NF-AVL-03	顧客に約束する稼働率と復旧目標、および約束しない範囲	○	-	1	1	1
非機能	非機能: セキュリティ	攻撃経路と対策	NF-SEC-01	想定される攻撃経路を洗い出し、それぞれの対策を対応づける	○	-	2	4	4
非機能	非機能: セキュリティ	鍵・暗号化の管理方式	NF-SEC-02	暗号化に使う鍵を種類ごとにどう管理するか。鍵と証明書の一覧を含む	○	-	3	3	3
非機能	非機能: セキュリティ	個人情報の取り扱い	NF-SEC-03	運用委託先や記録から個人情報が漏れないようにする方式	○	-	1	3	3
非機能	非機能: 運用・監視	監視項目・閾値・通知	NF-OPS-01	何を見張り、どの値で誰に知らせるか	○	-	3	3	3
非機能	非機能: 運用・監視	運用体制・当番	NF-OPS-02	当番の組み方と通知先の割り当て	○	-	1	1	1
非機能	非機能: 運用・監視	運用手順書	NF-OPS-03	事故対応・報告・顧客の受け入れなど、運用時に手順どおり行う作業	○	-	2	2	2
非機能	非機能: 運用・監視	緊急時の管理者アクセス	NF-OPS-04	通常経路が使えないときに管理者が入る仕組み	○	-	1	0.5	0.5
非機能	非機能: 運用・監視	運用者アカウントと権限の保護	NF-OPS-11	本基盤運用者のローカル認証（WebAuthn 必須）、常時の全権付与の禁止と必要時だけの昇格、緊急時アクセスとの関係、定期棚卸し	○	-	1	2	2
非機能	非機能: 運用・監視	Keycloak の更新・保守	NF-OPS-05	Keycloak の版を上げるときの手順と、ベンダーのサポート範囲	○	-	3	6	6
非機能	非機能: 運用・監視	定期処理の実行基盤	NF-OPS-06	バッチの一覧・実行基盤・スケジュール・多重起動制御	○	-	0	0	0
非機能	非機能: 運用・監視	運用コストの管理	NF-OPS-07	運用開始後に費用を継続的に把握・管理する仕組み	○	-	0	0	0
非機能	非機能: 運用・監視	運用プロセス（受付・変更・障害）	NF-OPS-08	問い合わせを受けてから解決するまで、設定を変えるとき、障害が起きたときの、決められた進め方	○	-	4	7	7
非機能	非機能: 運用・監視	サービスレベルの測定と報告	NF-OPS-09	約束した稼働率や応答時間を実際に測り、顧客へ定期的に報告する	○	-	1	2	2
非機能	非機能: 運用・監視	定期作業の計画と引き継ぎ	NF-OPS-10	日次・週次・月次・年次に行う作業の一覧と暦。運用開始前の引き継ぎと教育を含む	○	-	2	3.5	3.5
非機能	非機能: 移行・環境	開発・検証環境	NF-MIG-01	開発と検証に使う環境の構成・共用方針・試験用データ	○	-	3	3	1
非機能	非機能: 移行・環境	既存からの移行	NF-MIG-02	既存の仕組みから本基盤へ移るときの段取りと、移行先にしかいないユーザの扱い	△	△	1	1.5	1.5
非機能	非機能: 設計標準・規約	共通方式（エラー・ログ・整合・排他ほか）	NF-STD-01	エラー処理・ログ出力・整合性・排他制御・キャッシュ・採番・文字コード・多言語の共通方針	△	△	2	3.5	3.5
非機能	非機能: 設計標準・規約	API 設計規約	NF-STD-02	API の命名・エラーの返し方・件数の区切り方・冪等・版管理と廃止方針	△	△	1	2	2
非機能	非機能: 設計標準・規約	画面設計規約	NF-STD-03	画面の共通レイアウト・部品・メッセージ・アクセシビリティの基準	△	△	0	0	0
非機能	非機能: 設計標準・規約	命名・構成管理規約	NF-STD-04	リソース・API・DB の命名と、構成をコードで管理するときの規約	○	-	2	1.5	1.5
非機能	非機能: 設計管理	設計書の総則・前提・用語	NF-MGT-01	設計書の目的・範囲・読み方、前提条件の一覧、用語集	○	-	3	2.5	2.5
非機能	非機能: 設計管理	機能一覧・業務フロー	NF-MGT-02	作る機能の一覧と、ユーザから見た代表的な業務の流れ	○	-	0	0	0
非機能	非機能: 設計管理	画面一覧・画面遷移	NF-MGT-03	システム全体でどんな画面があるかの一覧と、画面のつながり	△	△	0	0	0
非機能	非機能: 設計管理	IF 一覧・データ全体構成	NF-MGT-04	内部・外部のつなぎ目の一覧と、どのデータがどこにあるかの全体像	△	△	0	0	0
非機能	非機能: 設計管理	トレーサビリティ	NF-MGT-05	要件から機能・設計・テストまでの追跡と、その維持の仕方	○	-	2	7	7
非機能	非機能: 設計管理	設計レビュー・説明会	NF-MGT-06	設計書どうしの整合レビューと、関係者への説明	○	-	10	15	15
非機能	非機能: 設計管理	顧客・ベンダーへの照会	NF-MGT-07	顧客への質問状、法務やベンダーへの照会と、その回答の設計への反映	○	-	0	0	0
非機能	非機能: 提供ドキュメント	アプリ開発者向けガイド（共通部）	NF-DOC-01	アプリ開発者へ渡すガイドのうち、特定の機能に紐づかない導入・運用・参照の部分	○	-	1	1	1
非機能	非機能: 提供ドキュメント	顧客向け説明資料	NF-DOC-02	責任分界・サービス仕様・制約事項など、契約に添えて顧客へ渡す資料	○	-	2	3	3
