系統	機能グループ	機能名	機能ID	概要	基盤	アプリ	行数	人日	うち対象	備考
認証	ローカル認証	ローカルユーザー管理	F-AUTH-01	利用者 ID とパスワードで直接ログインする機能。顧客側に認証システムがないテナントの利用者と、基盤の運用担当者が使う ※基盤としてはROSAをデフォルト状態で構築して引き渡すまで。	△	○	7	12.25	1.25	
認証	接続先の振り分け	接続先の自動振り分け	F-AUTH-02	ログイン画面で入力された ID から、その人がどの接続先（顧客の認証システム）の利用者かを判定し、自動で振り分ける（HRD）。判定できないときのパスワード入力への切替を含む	○	-	8	11	8	
認証	接続先の振り分け	振り分け失敗時のパスワード入力への切替	F-AUTH-03	接続先を判定できなかったときに、パスワード入力欄に切り替えて処理を続ける動き。どのテナントか分からない状態でも利用者を止めないための逃げ道	○	-	1	0.5	0	
認証	フェデレーション	顧客認証システムへのログイン委譲_OIDC	F-AUTH-05	顧客が持っている認証システムに認証を委ね、その結果を受け取ってログインさせる機能（標準的な連携方式）	○	-	20	47.75	45.75	
認証	フェデレーション	顧客認証システムへのログイン委譲_SAML	F-AUTH-06	顧客が持っている認証システムのうち、旧来の方式で連携する場合のログイン機能	○	-	4	8.75	6.75	
認証	フェデレーション	ログイン後の属性取り込み_SCIM	F-AUTH-08	初回登録の後に毎回通る処理。属性の取り込みや必須項目の確認を行う	○	-	1	0.5	0.5	要確認: 内容は「2 回目以降のログイン時に IdP の属性で更新する」処理（F-PROV-02 と同じ出来事）で SCIM ではない。F-PROV-02 に統合を推奨
認証	フェデレーション	Broker-KeycloakとIdP-Keycloakの連携	F-AUTH-09	基盤内部で 2 段構えになっていた認証システム同士の連携設定	○	-	2	3.75	0	Realm 統合（9/2）で対象外。一覧から外すか「対象外」と明記を推奨
認証	フェデレーション	ブローカー側のシャドウユーザ作成	F-AUTH-07	顧客の認証システムで認証された人が初めてログインしたとき、基盤側に利用者の控えを自動で作る機能	○	-	1	1	1	要確認: F-PROV-01 初回ログイン時の自動登録と同じ出来事。どちらかに統合を推奨
認証	エラー画面	sorryページ(アプリ)	F-AUTH-24	アプリ側が出す案内画面。権限が無い（403）ときの Sorry 画面への誘導規約	-	○	1	1	1	新設。403 → Sorry 誘導規約（GD-31）
認証	エラー画面	sorryページ(ブローカー)	F-AUTH-23	認証製品が出すエラー・案内の画面。ログインや振り分けに失敗したときの文言と誘導	○	-	1	0.5	0.5	新設。認証製品のエラー・案内画面（HC-04j）
プロビジョニング	自動登録	初回ログイン時の自動登録	F-PROV-01	顧客の認証システム経由で初めてログインした人を、その場で利用者として登録する機能（JIT）。初回ログイン時の利用者控え作成と同じ出来事	○	-	2	3.75	3	
プロビジョニング	自動登録	ログイン時の属性更新	F-PROV-02	2 回目以降のログイン時に、顧客側の最新情報で属性を更新する機能	○	-	1	0.5	0.5	
プロビジョニング	顧客システムからの利用者受信（人事システム等からの登録・更新・削除）	顧客システムからの利用者登録	F-PROV-03	顧客の人事システムや IdP から SCIM で利用者の新規登録を受け取る機能。受信窓口は自作またはプラグイン	○	-	4	13	13	
プロビジョニング	顧客システムからの利用者受信（人事システム等からの登録・更新・削除）	顧客システムからの利用者更新	F-PROV-04	SCIM で顧客側からの利用者情報の変更を受け取って反映する機能	○	-	1	0.75	0.75	
プロビジョニング	顧客システムからの利用者受信（人事システム等からの登録・更新・削除）	顧客システムからの削除通知	F-PROV-05	SCIM で顧客側からの削除通知を受け取り、基盤側では消さずに使えない状態にする機能	○	-	2	3	1	
プロビジョニング	顧客システムからの利用者受信（人事システム等からの登録・更新・削除）	顧客システムからの利用者検索	F-PROV-06	SCIM で顧客側から利用者を検索・絞り込みで問い合わせられるようにする機能	○	-	1	0.5	0.5	
プロビジョニング	顧客システムからの利用者受信（人事システム等からの登録・更新・削除）	顧客システムからのグループ連携	F-PROV-07	SCIM で顧客側のグループ情報を受け取る機能。	○	-	1	0.5	0.5	初期リリース対象外
プロビジョニング	受け取ったデータの整形（項目名・区分の統一）	項目名の変換・統一	F-PROV-08	顧客ごとにバラバラな項目名を、基盤内の統一名に変換して取り込む仕組み。統一名の辞書と IdP ごとの変換表を含む。アプリへ渡す JWT の項目定義とは別	○	-	6	12.5	7.5	
プロビジョニング	受け取ったデータの整形（項目名・区分の統一）	登録経路の区分判定	F-PROV-09	その利用者がどの経路（JIT / SCIM / 管理画面 / アプリ API / 運用者 / 移行）で登録されたかを区別し、後の自動処理の対象を判断できるようにする仕組み	○	-	4	5.25	3.75	
プロビジョニング	退職者の遮断と復職対応（停止・再開の伝播）	利用者の停止（消さずに無効化）	F-PROV-10	利用者を削除せず使えない状態にし、停止日時を記録する機能。	○	-	5	9.75	6.75	
プロビジョニング	退職者の遮断と復職対応（停止・再開の伝播）	停止済み利用者の再開	F-PROV-11	一度止めた利用者を再び使えるようにする機能。 誤って復活させない条件を含む	○	-	1	0.75	0.75	
プロビジョニング	退職者の遮断と復職対応（停止・再開の伝播）	停止の確実な伝播	F-PROV-12	片方のシステムで利用者を止めたとき、その事実をもう一方にも必ず伝えて確実に遮断する仕組み。	○	-	6	11	0	Realm 統合で対象外（WBS 行は残る）
プロビジョニング	退職者の遮断と復職対応（停止・再開の伝播）	再開の確実な伝播	F-PROV-13	再び使えるようにした場合も、止めたときと同じ経路でもう一方に伝える仕組み。	○	-	1	0.5	0	Realm 統合で対象外
プロビジョニング	権限管理側への引き渡し（識別子の紐付け・参照用データの更新）	初回ログイン者の識別子通知	F-PROV-14	初めてログインした人の識別子を、権限を管理する側へ知らせる仕組み	○	-	2	1.5	0	Realm 統合で対象外
プロビジョニング	権限管理側への引き渡し（識別子の紐付け・参照用データの更新）	権限管理側の受け皿作成	F-PROV-15	権限管理側で、まだ権限が設定されていない利用者の受け皿となる行を作る機能	-	○	1	0.5	0.5	
プロビジョニング	権限管理側への引き渡し（識別子の紐付け・参照用データの更新）	顧客番号と基盤識別子の対応づけ	F-PROV-16	顧客側の利用者番号と基盤側の識別子を対応づけて管理する機能	-	○	5	7	5	
プロビジョニング	権限管理側への引き渡し（識別子の紐付け・参照用データの更新）	参照用データの更新	F-PROV-17	アプリが 1 回の問い合わせで必要な情報を得られるよう、複数の情報源をまとめた参照用データを最新に保つ仕組み	-	○	2	4	1	
認証	多要素認証	追加認証（数字コード）	F-AUTH-10	スマートフォンアプリで生成する 6 桁の数字による追加認証	-	○	2	1	1	
認証	多要素認証	追加認証（生体・セキュリティキー）	F-AUTH-11	端末の生体認証やセキュリティキーを使った追加認証。本基盤の推奨方式	-	○	4	3.25	1.25	
認証	多要素認証	追加認証の登録（数字コード）	F-AUTH-12	スマートフォンアプリの追加認証を初めて登録する画面の流れ	-	○	2	1	1	
認証	多要素認証	追加認証の登録（生体・セキュリティキー）	F-AUTH-13	生体認証やセキュリティキーを初めて登録する画面の流れ	-	○	1	0.5	0.5	
認証	多要素認証	2台目登録時の再認証	F-AUTH-14	2 台目以降の認証器を登録するときに、追加認証をもう一度求める仕組み。乗っ取られた状態で勝手に端末を増やされるのを防ぐ	-	○	1	0.5	0.5	
認証	多要素認証	重要操作時の追加認証	F-AUTH-17	重要な操作をするときだけ、その場で追加の認証を求める仕組み。ステップアップ認証は不要と決定したため対象外	-	○	3	5.75	0	ステップアップ認証不要の決定で対象外
認証	アカウント復旧・パスワード	復旧用コードの発行・利用	F-AUTH-15	端末を失くしたときに使う一度きりのコードを発行し、利用させる機能	-	○	2	1	1	
認証	アカウント復旧・パスワード	メールを持たない人の復旧	F-AUTH-16	メールアドレスを持たない利用者が端末を失くした場合の復旧手段。管理者の承認を経て復旧する	-	○	2	3.5	3.5	
認証	アカウント復旧・パスワード	パスワードの自己再設定	F-AUTH-18	利用者が自分でパスワードを再設定する機能	-	○	2	1	1	
認証	アカウント復旧・パスワード	パスワード変更・初回強制変更	F-AUTH-19	パスワードの変更と、初回ログイン時に変更を強制する動き	-	○	2	1	1	
認証	不正アクセス対策	連続失敗時の一時締め出し	F-AUTH-20	パスワードの連続失敗を検知して一時的に受け付けなくする機能	-	○	3	3.5	3.5	
認証	不正アクセス対策	利用者の存在推測の防止	F-AUTH-21	その ID が実在するかどうかが応答の違いから分かってしまわないようにする対策。1 件ずつ試して実在する利用者を割り出されるのを防ぐ	-	○	2	1.5	0.5	
認証	不正アクセス対策	流出パスワードの使用拒否	F-AUTH-22	入力されたパスワードが過去に流出したものでないかを確認し、該当する場合は使わせない機能	-	○	2	1.5	1.5	
管理	利用者管理	利用者の検索・一覧	F-ADM-01	管理者が自分のテナントの利用者を検索・一覧表示する機能	-	○	5	4.75	4.75	
管理	利用者管理	利用者の詳細参照	F-ADM-02	利用者 1 人の詳細情報を表示する機能	-	○	4	2	2	
管理	利用者管理	利用者の登録	F-ADM-03	管理者が利用者を新規に登録する機能	-	○	3	1.75	1.75	
管理	利用者管理	利用者の変更	F-ADM-04	管理者が利用者の情報を変更する機能	-	○	3	1.75	1.75	
管理	利用者管理	利用者の利用可否の切替（管理者操作）	F-ADM-05	管理者が利用者を一時的に使えなくする／戻す機能	-	○	3	1.75	1.75	
管理	利用者管理	利用者の削除	F-ADM-06	管理者が利用者を削除する機能。実際には消さずに使えない状態にする	-	○	2	1.25	1.25	
管理	利用者支援操作	パスワード初期化（管理者）	F-ADM-07	管理者が利用者のパスワードを初期化する機能	-	○	3	1.5	1.5	
管理	利用者支援操作	利用者の招待	F-ADM-08	新しい利用者に招待を送り、本人に初期設定させる機能	-	○	4	2	2	
管理	利用者支援操作	追加認証の解除（管理者）	F-ADM-09	管理者が利用者の追加認証の登録を解除する機能。端末紛失時の復旧に使う	-	○	2	1	1	
管理	利用者支援操作	強制ログアウト（アプリ）	F-ADM-10	管理者が利用者のログイン状態を強制的に終了させる機能。個別・テナント単位・全体の 3 段階	-	○	2	1	1	
管理	利用者支援操作	強制ログアウト（ブローカー）	F-ADM-10	管理者が利用者のログイン状態を強制的に終了させる機能。個別・テナント単位・全体の 3 段階	○	-	1	1	1	
管理	権限管理	使えるアプリの設定	F-ADM-11	どの利用者にどのアプリを使わせるかを設定する機能	-	○	15	11.5	8.5	
管理	権限管理	アプリ内の役割の設定	F-ADM-12	アプリごとの役割（ロール）を利用者に割り当てる機能	-	○	3	1.75	1.75	
管理	権限管理	権限の棚卸し	F-ADM-19	付与済みの権限が今も妥当かを定期的に確認させる機能	-	○	2	1	1	
管理	組織・顧客管理	組織情報の編集	F-ADM-13	利用者が所属する組織の情報を編集する機能	-	○	2	1	1	
管理	組織・顧客管理	顧客の作成(アプリ)	F-ADM-14	新しい顧客を作成する機能	-	○	2	2.5	2.5	
管理	組織・顧客管理	顧客の作成(ブローカー)	F-ADM-14	新しい顧客を作成する機能	○	-	1	0.5	0.5	
管理	組織・顧客管理	顧客設定の編集	F-ADM-15	顧客ごとの設定（ログイン方式の切り替えなど）を編集する機能	-	○	3	1.5	1.5	
管理	接続先管理	顧客認証システムの接続登録	F-ADM-16	顧客の認証システムを基盤に接続する登録作業を行う機能	○	-	14	17.75	17.25	
管理	接続先管理	接続設定の変更・証明書更新	F-ADM-17	接続済みの認証システムの設定変更と、期限が来る証明書の入れ替えを行う機能	○	-	4	2.5	2.5	
管理	監査・一括処理	操作記録の照会(アプリ)	F-ADM-18	管理操作やログインの記録を、管理者が検索・閲覧する機能	-	○	6	6	4	
管理	監査・一括処理	操作記録の照会(ブローカー)	F-ADM-18	管理操作やログインの記録を、管理者が検索・閲覧する機能	○	-	7	15	13.5	
管理	監査・一括処理	利用者の一括登録	F-ADM-20	利用者をまとめて登録するためのファイル取り込み機能	-	○	4	4.5	4.5	
管理	監査・一括処理	一覧・記録のファイル出力	F-ADM-21	利用者一覧や操作記録をファイルとして出力する機能	-	○	3	4	4	
管理	監査・一括処理	システム用アカウントの台帳管理	F-ADM-22	人ではないシステム用のアカウントを台帳で管理する機能	-	○	4	5	3	
認可	権限情報の提供	権限情報の一括取得	F-AZ-01	アプリが「この利用者は何ができるか」を 1 回の問い合わせで取得できるようにする機能	-	○	5	9.5	7.5	
認可	権限情報の提供	使えるアプリ一覧の取得	F-AZ-02	ログイン後の入口画面に表示する「使えるアプリの一覧」を返す機能	-	○	2	1	1	
認可	権限判定	アプリ利用可否の判定	F-AZ-03	利用者がそのアプリを使ってよいかを判定する処理	-	○	3	5.75	5.75	
認可	権限判定	アプリ内の役割の解決	F-AZ-04	アプリごとの役割の値を解決して返す処理	-	○	1	0.5	0.5	
認可	アクセス制御	テナント越境の防止	F-AZ-05	利用者が自分のテナント以外のデータに触れないよう強制する仕組み	-	○	5	7.75	4.75	
認可	アクセス制御	管理操作の3段階権限確認	F-AZ-06	管理画面の操作について、テナント・役割・対象の 3 つの観点で権限を確認する仕組み	-	○	5	10.75	8.75	
認可	トークン管理	システム間トークンの発行	F-AZ-07	アプリやバッチがシステムとして API を呼ぶための資格を発行する機能	-	○	3	3.5	3.5	
認可	トークン管理	トークンの交換	F-AZ-08	あるアプリ向けの資格を、別のアプリ向けに交換する機能	○	-	2	2.5	2.5	
連携	業務システム連携（ServiceNow 等へのログイン提供）	業務システムへの認証提供	F-INT-01	業務システムに対して、本基盤が認証の提供元として振る舞う連携機能	○	-	6	13	13	
連携	業務システム連携（ServiceNow 等へのログイン提供）	業務システム側の利用者自動作成	F-INT-02	業務システム側で、初回ログイン時に利用者を自動作成させる連携	-	○	1	2	2	
連携	業務システム連携（ServiceNow 等へのログイン提供）	業務システムから他アプリへの連携	F-INT-03	業務システムにログインした状態から、他のアプリの API を呼べるようにする連携	-	○	1	1	1	
連携	アプリへの通知	アプリへの変更通知	F-INT-04	利用者の変更をアプリ側へ通知する仕組み。届かなかった場合の再送を含む	-	○	6	8.5	7	
連携	アプリへの通知	通知メールの送信	F-INT-07	招待・パスワード再設定・注意喚起などのメールを送る機能	-	○	4	7.5	4.5	
連携	監視・検知	不正兆候の検知	F-INT-08	不正なログインの兆候を検知して通知する機能	-	○	6	9.5	8	
連携	監視・検知	定期的な擬似ログインによる障害検知	F-INT-09	本物の利用者を模した定期的なログイン試行で、障害を利用者より先に見つける機能	-	○	3	1.5	1	
連携	接続情報の追随	接続情報の自動追随	F-INT-11	顧客の認証システムの接続情報を定期的に取り直し、証明書の入れ替えに自動追随する機能	○	-	1	0.5	0.5	
バッチ	利用者の整理	長期未使用者の自動停止	F-BAT-01	ブローカー側でJITユーザの場合は長期間ログインのない利用者を自動で無効化する仕組み	○	-	3	2.75	0.75	
バッチ	データの突合と再送（伝えそこないの回収）	停止伝播の突合（短間隔）	F-BAT-02	止めた事実が確実に伝わったかを短い間隔で突き合わせ、漏れを直す処理	-	○	1	0.75	0	Realm 統合で対象外
バッチ	データの突合と再送（伝えそこないの回収）	日次の整合突合	F-BAT-03	システム間の情報のずれを 1 日 1 回突き合わせる処理	○	-	2	2.5	0.5	
バッチ	鍵・証明書の維持	署名鍵の定期入れ替え	F-BAT-04	通行証の署名に使う鍵を定期的に入れ替える処理。 切り替え中も止めないための並走期間を含む	○	-	5	8	5.5	
バッチ	鍵・証明書の維持	接続用パスワードの定期入れ替え	F-BAT-05	アプリごとの接続用パスワードを定期的に入れ替える処理	○	-	1	0.5	0.5	
バッチ	鍵・証明書の維持	証明書期限の監視	F-BAT-07	証明書の期限切れが近いものを検出して通知する処理	○	-	2	3.5	3.5	
バッチ	アカウント・権限の点検	権限棚卸しの定期起動	F-BAT-08	権限の棚卸しを定期的に開始する運用	○	-	1	0.5	0	
バッチ	利用者の整理	保存期限切れデータの消去	F-BAT-09	保存期限を過ぎたデータを実際に消去する処理。	○	-	1	0.5	0.5	
横断	横断	横断（全機能共通）	横断	総則・規約・構成図・レビュー・顧客向け資料など、全機能に共通する作業	○	-	153	316.5	246	
横断	ログイン画面	IdP-Keycloakのログイン画面	横断	ログイン画面全般の設計（規約・文言・攻撃対策の画面側対応）	-	○	2	5	2	
横断	横断	横断（緊急時の運用）	横断	通常経路が使えないときの管理者アクセス（踏み台）	○	-	2	3	1.5	
横断	横断	横断（管理 API）	横断	管理 API 全体に共通する作業（応答目標など）	○	-	1	0.5	0.5	
横断	運用	顧客の解約運用	横断	顧客がサービスから離脱するときの手順	○	-	1	1.5	1.5	
横断	運用	横断（法令対応）	横断	法令・契約に基づく対応（本人からの開示・削除請求など）	○	-	2	3.5	3.5	
横断	運用	横断（災害対策）	横断	別地域への切替に関する作業。	○	-	4	6.5	2	
横断	運用	横断（同意管理）	横断	利用規約などへの同意を取り、記録する仕組み	○	-	2	2.5	0.5	
横断	横断	横断（定期処理共通）	横断	バッチ全体の実行基盤・スケジュール・多重起動制御	○	-	4	7.5	7.5	
横断	横断	管理画面の機能全般	横断	管理画面の全機能に共通する作業（画面一覧・遷移図）	-	○	1	4	4	
